task,episode_id,frames,final_reward,final_success,method,evaluator,error
sim_load_the_plates_into_the_dish_rack,episode_019e0489-0436-7f3d-81bd-902a40b2a2dc,1854,1.0,True,initial then terminal state; terminal success only,DishrackEvaluator,
sim_load_the_plates_into_the_dish_rack,episode_019e059d-68ec-7fc6-af4a-4d90e1325df0,1580,1.0,True,initial then terminal state; terminal success only,DishrackEvaluator,
sim_load_the_plates_into_the_dish_rack,episode_019e0424-56a7-7f0b-ad79-82cb56d060e9,1543,1.0,True,initial then terminal state; terminal success only,DishrackEvaluator,
sim_load_the_plates_into_the_dish_rack,episode_019e037c-1c97-71b2-b1aa-bca8417c5fd9,474,1.0,True,initial then terminal state; terminal success only,DishrackEvaluator,
sim_load_the_plates_into_the_dish_rack,episode_019e0673-ac92-791f-b3cb-d720b634ce61,2141,0.6666666865348816,False,initial then terminal state; terminal success only,DishrackEvaluator,
sim_load_the_plates_into_the_dish_rack,episode_019e02ea-262a-712c-91ff-d7a728cdba7b,1682,1.0,True,initial then terminal state; terminal success only,DishrackEvaluator,
sim_load_the_plates_into_the_dish_rack,episode_019e05b4-880a-7d79-bac3-2cd493dd1350,1063,1.0,True,initial then terminal state; terminal success only,DishrackEvaluator,
sim_load_the_plates_into_the_dish_rack,episode_019e0593-edf5-7abf-a327-4017750fa15b,1361,1.0,True,initial then terminal state; terminal success only,DishrackEvaluator,
sim_load_the_plates_into_the_dish_rack,episode_019dfc2a-477d-73c0-952f-230c8c4f84cc,1529,1.0,True,initial then terminal state; terminal success only,DishrackEvaluator,
sim_load_the_plates_into_the_dish_rack,episode_019e0974-fd8e-7bd4-95bb-18b86b7b8c74,418,1.0,True,initial then terminal state; terminal success only,DishrackEvaluator,
sim_load_the_plates_into_the_dish_rack,episode_019e06c3-eedf-78c5-9c42-634b88153426,1171,1.0,True,initial then terminal state; terminal success only,DishrackEvaluator,
sim_load_the_plates_into_the_dish_rack,episode_019e057f-3326-7885-acf7-b58a0b52ceac,1510,1.0,True,initial then terminal state; terminal success only,DishrackEvaluator,
sim_load_the_plates_into_the_dish_rack,episode_019e02fd-7c32-7f80-8f78-92aa07baa372,1721,0.75,False,initial then terminal state; terminal success only,DishrackEvaluator,
sim_load_the_plates_into_the_dish_rack,episode_019e071a-71cb-7c16-98c3-9c871dc419b1,2859,0.75,False,initial then terminal state; terminal success only,DishrackEvaluator,
sim_load_the_plates_into_the_dish_rack,episode_019dfc01-435d-7448-a538-02f7fa9fc27b,629,1.0,True,initial then terminal state; terminal success only,DishrackEvaluator,
sim_load_the_plates_into_the_dish_rack,episode_019e0622-9b57-76c3-9de1-d1a6f0edf2f3,1319,0.0,False,initial then terminal state; terminal success only,DishrackEvaluator,
sim_load_the_plates_into_the_dish_rack,episode_019dfcc8-2487-7b69-bd49-ff322040fe6e,1479,1.0,True,initial then terminal state; terminal success only,DishrackEvaluator,
sim_load_the_plates_into_the_dish_rack,episode_019e032a-4e52-7565-b254-6b33a519df66,1051,1.0,True,initial then terminal state; terminal success only,DishrackEvaluator,
sim_load_the_plates_into_the_dish_rack,episode_019e0977-449b-7955-852a-a60c2aa126b2,1264,1.0,True,initial then terminal state; terminal success only,DishrackEvaluator,
sim_load_the_plates_into_the_dish_rack,episode_019e09a6-aa83-7a35-8dba-0a9adcc9798f,643,1.0,True,initial then terminal state; terminal success only,DishrackEvaluator,
sim_load_the_plates_into_the_dish_rack,episode_019dfc67-38fa-7b38-9924-158e337d3071,1744,0.6666666865348816,False,initial then terminal state; terminal success only,DishrackEvaluator,
sim_load_the_plates_into_the_dish_rack,episode_019e0976-8859-769d-ad6d-b0965a3b1c72,667,0.5,False,initial then terminal state; terminal success only,DishrackEvaluator,
sim_load_the_plates_into_the_dish_rack,episode_019e0594-c4c4-79e9-8ca3-12916b4f91b4,1270,1.0,True,initial then terminal state; terminal success only,DishrackEvaluator,
sim_load_the_plates_into_the_dish_rack,episode_019e030c-5bb4-75d3-b11f-870a4d7dbadd,375,1.0,True,initial then terminal state; terminal success only,DishrackEvaluator,
sim_load_the_plates_into_the_dish_rack,episode_019e0965-2d44-7b16-b982-435c673862a1,1338,1.0,True,initial then terminal state; terminal success only,DishrackEvaluator,
sim_load_the_plates_into_the_dish_rack,episode_019dfc30-bc63-75ca-8487-ceaec03c1982,1946,0.6666666865348816,False,initial then terminal state; terminal success only,DishrackEvaluator,
sim_load_the_plates_into_the_dish_rack,episode_019dfe21-5689-7c0d-894e-88b36d90c67b,1741,0.5,False,initial then terminal state; terminal success only,DishrackEvaluator,
sim_load_the_plates_into_the_dish_rack,episode_019e0969-583a-7193-b079-7f13171a4641,1890,0.75,False,initial then terminal state; terminal success only,DishrackEvaluator,
sim_load_the_plates_into_the_dish_rack,episode_019e037f-2873-78a7-bbfa-e6b3c5cfc243,1683,0.75,False,initial then terminal state; terminal success only,DishrackEvaluator,
sim_load_the_plates_into_the_dish_rack,episode_019e0840-1068-71ed-b06a-10c48d05d9b0,1644,1.0,True,initial then terminal state; terminal success only,DishrackEvaluator,
sim_load_the_plates_into_the_dish_rack,episode_019e0674-fee5-718c-a33e-87dca926301a,1285,0.6666666865348816,False,initial then terminal state; terminal success only,DishrackEvaluator,
sim_load_the_plates_into_the_dish_rack,episode_019e089d-ce44-728c-85e5-cde73f7728ea,1060,1.0,True,initial then terminal state; terminal success only,DishrackEvaluator,
sim_load_the_plates_into_the_dish_rack,episode_019e0171-ff68-77ab-9fbe-87bfceb31b37,838,1.0,True,initial then terminal state; terminal success only,DishrackEvaluator,
sim_load_the_plates_into_the_dish_rack,episode_019e0696-d84f-787a-9bdc-c450bd5bcf30,1233,0.6666666865348816,False,initial then terminal state; terminal success only,DishrackEvaluator,
sim_load_the_plates_into_the_dish_rack,episode_019dff3a-b63c-7c18-9e4d-e990ae185406,1555,0.5,False,initial then terminal state; terminal success only,DishrackEvaluator,
sim_load_the_plates_into_the_dish_rack,episode_019e035f-b34b-78ce-bfe4-7fb43af8bf74,1438,1.0,True,initial then terminal state; terminal success only,DishrackEvaluator,
sim_load_the_plates_into_the_dish_rack,episode_019e0945-513c-76fc-853c-5990b664573c,1497,1.0,True,initial then terminal state; terminal success only,DishrackEvaluator,
sim_load_the_plates_into_the_dish_rack,episode_019dfdef-8fc6-7140-9939-03cc0b47a4d3,438,0.0,False,initial then terminal state; terminal success only,DishrackEvaluator,
sim_load_the_plates_into_the_dish_rack,episode_019e0963-5891-727a-8257-fd017b2be001,810,0.5,False,initial then terminal state; terminal success only,DishrackEvaluator,
sim_load_the_plates_into_the_dish_rack,episode_019e0951-ec07-7679-bd38-bf633112cd81,1316,1.0,True,initial then terminal state; terminal success only,DishrackEvaluator,
sim_load_the_plates_into_the_dish_rack,episode_019e0854-41d9-7a67-be0d-ebfe834cef62,549,1.0,True,initial then terminal state; terminal success only,DishrackEvaluator,
sim_load_the_plates_into_the_dish_rack,episode_019dff55-0e9f-7ad9-9905-59b271b601e9,1806,1.0,True,initial then terminal state; terminal success only,DishrackEvaluator,
sim_load_the_plates_into_the_dish_rack,episode_019e00ae-197c-7918-acb8-67f252e28b3b,553,1.0,True,initial then terminal state; terminal success only,DishrackEvaluator,
sim_load_the_plates_into_the_dish_rack,episode_019e03d9-f6b0-7b15-9bf6-f871be8ea5c2,1501,1.0,True,initial then terminal state; terminal success only,DishrackEvaluator,
sim_load_the_plates_into_the_dish_rack,episode_019e020f-46d2-7e16-9222-85f52354e206,1838,1.0,True,initial then terminal state; terminal success only,DishrackEvaluator,
sim_load_the_plates_into_the_dish_rack,episode_019e0925-9a46-72cb-859c-1d7b89e1b069,466,1.0,True,initial then terminal state; terminal success only,DishrackEvaluator,
sim_load_the_plates_into_the_dish_rack,episode_019e0128-25a7-771a-9021-5cf44c1e8b92,1775,1.0,True,initial then terminal state; terminal success only,DishrackEvaluator,
sim_load_the_plates_into_the_dish_rack,episode_019dff20-f96a-7363-86a3-68a81e322063,1199,0.6666666865348816,False,initial then terminal state; terminal success only,DishrackEvaluator,
sim_load_the_plates_into_the_dish_rack,episode_019dfeed-a05c-72a9-888c-64c158b9c121,1250,0.6666666865348816,False,initial then terminal state; terminal success only,DishrackEvaluator,
sim_load_the_plates_into_the_dish_rack,episode_019e0627-9b6d-7dfb-aa2c-b3a4c4dac25a,1234,1.0,True,initial then terminal state; terminal success only,DishrackEvaluator,
sim_load_the_plates_into_the_dish_rack,episode_019e0085-6d56-7a82-a21c-97a9d367c8d2,1347,1.0,True,initial then terminal state; terminal success only,DishrackEvaluator,
sim_load_the_plates_into_the_dish_rack,episode_019e01bd-6363-7312-841c-c46ba1f7a653,1463,0.6666666865348816,False,initial then terminal state; terminal success only,DishrackEvaluator,
sim_load_the_plates_into_the_dish_rack,episode_019e09a4-dc4c-7d0b-9cd8-5f00c621358a,299,1.0,True,initial then terminal state; terminal success only,DishrackEvaluator,
sim_load_the_plates_into_the_dish_rack,episode_019e0426-b163-795c-bbe6-6a177a2749c5,1605,0.6666666865348816,False,initial then terminal state; terminal success only,DishrackEvaluator,
sim_load_the_plates_into_the_dish_rack,episode_019e070a-95b8-745b-a19f-4d41308f5635,793,1.0,True,initial then terminal state; terminal success only,DishrackEvaluator,
sim_load_the_plates_into_the_dish_rack,episode_019e03dd-2ca0-76a2-9a7e-ac3ed28e596b,411,1.0,True,initial then terminal state; terminal success only,DishrackEvaluator,
sim_load_the_plates_into_the_dish_rack,episode_019e0951-7c7f-7ea9-9a75-a12a6811b64b,355,1.0,True,initial then terminal state; terminal success only,DishrackEvaluator,
sim_load_the_plates_into_the_dish_rack,episode_019e03e6-f69f-7b73-936a-8a0acf89d633,1079,1.0,True,initial then terminal state; terminal success only,DishrackEvaluator,
sim_load_the_plates_into_the_dish_rack,episode_019e010d-193a-798c-8bf7-0bf5840560b4,3064,1.0,True,initial then terminal state; terminal success only,DishrackEvaluator,
sim_load_the_plates_into_the_dish_rack,episode_019e0888-0c06-79c4-b31f-90589d46db3d,292,1.0,True,initial then terminal state; terminal success only,DishrackEvaluator,
sim_load_the_plates_into_the_dish_rack,episode_019dfebf-daf3-7cf0-9ea9-6f7d8af03280,420,1.0,True,initial then terminal state; terminal success only,DishrackEvaluator,
sim_load_the_plates_into_the_dish_rack,episode_019e0628-0c99-7ab9-965e-59532794af27,467,1.0,True,initial then terminal state; terminal success only,DishrackEvaluator,
sim_load_the_plates_into_the_dish_rack,episode_019e0626-98bd-7068-a26a-c5cb7ec87541,1912,1.0,True,initial then terminal state; terminal success only,DishrackEvaluator,
sim_load_the_plates_into_the_dish_rack,episode_019dfe49-4831-73a5-afed-d6117ec3a60d,1343,1.0,True,initial then terminal state; terminal success only,DishrackEvaluator,
sim_load_the_plates_into_the_dish_rack,episode_019e0835-4438-797a-b150-9abc4d85daa1,1120,0.5,False,initial then terminal state; terminal success only,DishrackEvaluator,
sim_load_the_plates_into_the_dish_rack,episode_019e03fb-91b5-76d0-9f21-a0d71bd7c89c,1081,1.0,True,initial then terminal state; terminal success only,DishrackEvaluator,
sim_load_the_plates_into_the_dish_rack,episode_019e017e-7d3a-7d5e-99fd-e0d81adc4b87,1928,1.0,True,initial then terminal state; terminal success only,DishrackEvaluator,
sim_load_the_plates_into_the_dish_rack,episode_019e0642-05b2-7c09-a669-d9d22434bd51,1723,0.5,False,initial then terminal state; terminal success only,DishrackEvaluator,
sim_load_the_plates_into_the_dish_rack,episode_019dfc59-ede2-7820-8011-22585f4bac04,2504,1.0,True,initial then terminal state; terminal success only,DishrackEvaluator,
sim_load_the_plates_into_the_dish_rack,episode_019e0715-9166-7f74-b768-3bf9a0b08271,959,1.0,True,initial then terminal state; terminal success only,DishrackEvaluator,
sim_load_the_plates_into_the_dish_rack,episode_019e0884-0fe1-783d-831a-c0cd13d08e9c,428,1.0,True,initial then terminal state; terminal success only,DishrackEvaluator,
sim_load_the_plates_into_the_dish_rack,episode_019e0478-823a-7445-bb7c-cfc65f043d01,1089,1.0,True,initial then terminal state; terminal success only,DishrackEvaluator,
sim_load_the_plates_into_the_dish_rack,episode_019dfc84-863f-79fb-8653-9ef08bb359c8,531,1.0,True,initial then terminal state; terminal success only,DishrackEvaluator,
sim_load_the_plates_into_the_dish_rack,episode_019e0451-477d-786c-ba7f-11298bd87602,1059,0.5,False,initial then terminal state; terminal success only,DishrackEvaluator,
sim_load_the_plates_into_the_dish_rack,episode_019dfc4f-c445-7e7e-b430-ed5729709e51,1542,0.6666666865348816,False,initial then terminal state; terminal success only,DishrackEvaluator,
sim_load_the_plates_into_the_dish_rack,episode_019dfdea-d5bc-7b1b-9dda-ca7c57c7163b,1659,0.75,False,initial then terminal state; terminal success only,DishrackEvaluator,
sim_load_the_plates_into_the_dish_rack,episode_019e01a3-bbef-70a7-b554-3e744af2e370,1625,0.6666666865348816,False,initial then terminal state; terminal success only,DishrackEvaluator,
sim_load_the_plates_into_the_dish_rack,episode_019e08a8-3e7e-70f9-af94-21b8703f84ce,543,1.0,True,initial then terminal state; terminal success only,DishrackEvaluator,
sim_load_the_plates_into_the_dish_rack,episode_019e0872-5db2-74d1-bdff-804e4f58f374,1148,1.0,True,initial then terminal state; terminal success only,DishrackEvaluator,
sim_load_the_plates_into_the_dish_rack,episode_019dff53-228d-7fff-81fe-3f212a07358d,392,0.0,False,initial then terminal state; terminal success only,DishrackEvaluator,
sim_load_the_plates_into_the_dish_rack,episode_019e061b-c14a-7780-91e7-075300e7ef39,1838,1.0,True,initial then terminal state; terminal success only,DishrackEvaluator,
sim_load_the_plates_into_the_dish_rack,episode_019e0472-cd4c-7cec-ba14-08a000416a7d,1603,1.0,True,initial then terminal state; terminal success only,DishrackEvaluator,
sim_load_the_plates_into_the_dish_rack,episode_019e0881-cb14-7117-982a-637df0fccd12,677,1.0,True,initial then terminal state; terminal success only,DishrackEvaluator,
sim_load_the_plates_into_the_dish_rack,episode_019e01a8-78f6-79a6-a423-128acf1a13e9,766,1.0,True,initial then terminal state; terminal success only,DishrackEvaluator,
sim_load_the_plates_into_the_dish_rack,episode_019dff0b-9839-7161-b0a6-b8ac9ec03223,747,1.0,True,initial then terminal state; terminal success only,DishrackEvaluator,
sim_load_the_plates_into_the_dish_rack,episode_019e0584-15b0-7387-ac8b-65464a7b2f19,626,1.0,True,initial then terminal state; terminal success only,DishrackEvaluator,
sim_load_the_plates_into_the_dish_rack,episode_019e01e5-c2d5-7aac-8f5d-655284f0fca0,2001,1.0,True,initial then terminal state; terminal success only,DishrackEvaluator,
sim_load_the_plates_into_the_dish_rack,episode_019e06ad-35eb-7063-a5e2-2a9d61a1f1bf,586,1.0,True,initial then terminal state; terminal success only,DishrackEvaluator,
sim_load_the_plates_into_the_dish_rack,episode_019dfc00-33e7-7320-83c7-81b9de3b5b52,2321,1.0,True,initial then terminal state; terminal success only,DishrackEvaluator,
sim_load_the_plates_into_the_dish_rack,episode_019e068d-5ab2-790f-b495-fbb8b34462e8,445,1.0,True,initial then terminal state; terminal success only,DishrackEvaluator,
sim_load_the_plates_into_the_dish_rack,episode_019e0921-a706-7619-8996-a8ba761db8d5,1113,1.0,True,initial then terminal state; terminal success only,DishrackEvaluator,
sim_load_the_plates_into_the_dish_rack,episode_019e0618-b749-7b13-944e-2c07ba083c58,1435,1.0,True,initial then terminal state; terminal success only,DishrackEvaluator,
sim_load_the_plates_into_the_dish_rack,episode_019e01ea-2ac7-7a31-a007-199ef8cb55f3,3339,0.5,False,initial then terminal state; terminal success only,DishrackEvaluator,
sim_load_the_plates_into_the_dish_rack,episode_019e0450-9f0c-7bd2-9eab-1fb0d0b9ddf8,744,0.0,False,initial then terminal state; terminal success only,DishrackEvaluator,
sim_load_the_plates_into_the_dish_rack,episode_019e0047-824f-7920-a5c0-c6e371da1ad3,2162,1.0,True,initial then terminal state; terminal success only,DishrackEvaluator,
sim_load_the_plates_into_the_dish_rack,episode_019e009a-d7a8-7142-8c63-8066466526e1,801,0.0,False,initial then terminal state; terminal success only,DishrackEvaluator,
sim_load_the_plates_into_the_dish_rack,episode_019e006b-a0cb-7253-ab8f-8d2a44001235,1078,1.0,True,initial then terminal state; terminal success only,DishrackEvaluator,
sim_load_the_plates_into_the_dish_rack,episode_019e0079-30e6-75de-9207-b065ea5f80ce,1572,1.0,True,initial then terminal state; terminal success only,DishrackEvaluator,
sim_load_the_plates_into_the_dish_rack,episode_019e0916-0d91-72fc-8896-b84f503b3418,396,1.0,True,initial then terminal state; terminal success only,DishrackEvaluator,
sim_load_the_plates_into_the_dish_rack,episode_019e08ec-30f8-7587-b45e-4711d32e2c04,360,1.0,True,initial then terminal state; terminal success only,DishrackEvaluator,
sim_load_the_plates_into_the_dish_rack,episode_019e0820-2ff9-75eb-9538-0d67701abdaf,1007,0.5,False,initial then terminal state; terminal success only,DishrackEvaluator,
sim_load_the_plates_into_the_dish_rack,episode_019e098f-06bd-73b3-bd29-411f251f047a,909,1.0,True,initial then terminal state; terminal success only,DishrackEvaluator,
sim_load_the_plates_into_the_dish_rack,episode_019e0679-fb5b-7245-85da-c0f9f49af524,807,1.0,True,initial then terminal state; terminal success only,DishrackEvaluator,
sim_load_the_plates_into_the_dish_rack,episode_019dfede-e909-7196-a620-7dc6ce43ec33,953,0.5,False,initial then terminal state; terminal success only,DishrackEvaluator,
sim_load_the_plates_into_the_dish_rack,episode_019e0697-c7a1-784a-9c99-fdb700f7ddac,1660,0.5,False,initial then terminal state; terminal success only,DishrackEvaluator,
sim_load_the_plates_into_the_dish_rack,episode_019e047e-c4d5-72cb-8bb9-bdcb686ae7d0,431,1.0,True,initial then terminal state; terminal success only,DishrackEvaluator,
sim_load_the_plates_into_the_dish_rack,episode_019e0429-2534-7e1e-9612-0b984cf9fe48,998,0.75,False,initial then terminal state; terminal success only,DishrackEvaluator,
sim_load_the_plates_into_the_dish_rack,episode_019e0184-f550-7d16-a43e-4309c1f11112,600,1.0,True,initial then terminal state; terminal success only,DishrackEvaluator,
sim_load_the_plates_into_the_dish_rack,episode_019e03cb-6da9-7340-90ff-af4a7f7da1e6,1429,0.6666666865348816,False,initial then terminal state; terminal success only,DishrackEvaluator,
sim_load_the_plates_into_the_dish_rack,episode_019e05c1-4e07-7f3c-802b-5b4f1b19c3db,1028,0.3333333432674408,False,initial then terminal state; terminal success only,DishrackEvaluator,
sim_load_the_plates_into_the_dish_rack,episode_019e03d2-df3c-77aa-bfea-253103960e63,453,1.0,True,initial then terminal state; terminal success only,DishrackEvaluator,
sim_load_the_plates_into_the_dish_rack,episode_019e09a8-d21a-7083-8af0-2df04455f6f4,904,0.5,False,initial then terminal state; terminal success only,DishrackEvaluator,
sim_load_the_plates_into_the_dish_rack,episode_019dfc71-4880-70c8-829e-92f19fdd69dd,715,0.0,False,initial then terminal state; terminal success only,DishrackEvaluator,
sim_load_the_plates_into_the_dish_rack,episode_019e0205-605f-7acb-9dc5-cc8034b3a494,3002,1.0,True,initial then terminal state; terminal success only,DishrackEvaluator,
sim_load_the_plates_into_the_dish_rack,episode_019e0629-cb32-7e5a-84a1-464b16c72f51,2482,0.75,False,initial then terminal state; terminal success only,DishrackEvaluator,
sim_load_the_plates_into_the_dish_rack,episode_019e0858-067e-7648-bad4-2ace2093ea85,1098,1.0,True,initial then terminal state; terminal success only,DishrackEvaluator,
sim_load_the_plates_into_the_dish_rack,episode_019dfeb4-6435-7e25-a6ea-944c1589bf45,1130,1.0,True,initial then terminal state; terminal success only,DishrackEvaluator,
sim_load_the_plates_into_the_dish_rack,episode_019e0624-99b8-7d9a-8454-fb83b09da045,1050,1.0,True,initial then terminal state; terminal success only,DishrackEvaluator,
sim_load_the_plates_into_the_dish_rack,episode_019e0434-adb7-74ee-bf83-0c94a56ce17d,305,0.0,False,initial then terminal state; terminal success only,DishrackEvaluator,
sim_load_the_plates_into_the_dish_rack,episode_019e057e-f5b5-7a67-bc13-decaf4ba0ca5,2215,0.75,False,initial then terminal state; terminal success only,DishrackEvaluator,
sim_load_the_plates_into_the_dish_rack,episode_019dff0e-fb28-7a42-b4df-d46b00d4e453,1098,1.0,True,initial then terminal state; terminal success only,DishrackEvaluator,
sim_load_the_plates_into_the_dish_rack,episode_019e0568-711c-721d-a631-eb1a8aa463cf,1542,0.75,False,initial then terminal state; terminal success only,DishrackEvaluator,
sim_load_the_plates_into_the_dish_rack,episode_019e0054-582e-7605-b748-592c61595647,2657,0.75,False,initial then terminal state; terminal success only,DishrackEvaluator,
sim_load_the_plates_into_the_dish_rack,episode_019e0174-caec-7ada-a3d8-47dedc44b97b,1841,0.6666666865348816,False,initial then terminal state; terminal success only,DishrackEvaluator,
sim_load_the_plates_into_the_dish_rack,episode_019dfe1c-7f08-77d6-9bf0-55cd9e9ccda7,689,1.0,True,initial then terminal state; terminal success only,DishrackEvaluator,
sim_load_the_plates_into_the_dish_rack,episode_019e0912-0bd8-7acd-9676-f2d38f4dca84,1353,1.0,True,initial then terminal state; terminal success only,DishrackEvaluator,
sim_load_the_plates_into_the_dish_rack,episode_019dfed6-38a9-7c9f-bbf2-1461dfbbe24c,2026,1.0,True,initial then terminal state; terminal success only,DishrackEvaluator,
sim_load_the_plates_into_the_dish_rack,episode_019e033d-65fb-7945-9da6-33feec65a358,1718,1.0,True,initial then terminal state; terminal success only,DishrackEvaluator,
sim_load_the_plates_into_the_dish_rack,episode_019e0582-05d5-7633-a40d-0e86f6c576a3,960,1.0,True,initial then terminal state; terminal success only,DishrackEvaluator,
sim_load_the_plates_into_the_dish_rack,episode_019e06c3-3392-720a-9af7-0f4d63c44378,1801,1.0,True,initial then terminal state; terminal success only,DishrackEvaluator,
sim_load_the_plates_into_the_dish_rack,episode_019e036e-4262-789a-b5d2-f2f1232f69b8,804,1.0,True,initial then terminal state; terminal success only,DishrackEvaluator,
sim_load_the_plates_into_the_dish_rack,episode_019e0482-141a-7bc2-8980-357ff86ff0dc,1213,0.5,False,initial then terminal state; terminal success only,DishrackEvaluator,
sim_load_the_plates_into_the_dish_rack,episode_019dfc2f-7efb-79e1-8375-902bc5e68a7c,1732,1.0,True,initial then terminal state; terminal success only,DishrackEvaluator,
sim_load_the_plates_into_the_dish_rack,episode_019e0971-6e5c-7144-80bb-46119a915e47,862,1.0,True,initial then terminal state; terminal success only,DishrackEvaluator,
sim_load_the_plates_into_the_dish_rack,episode_019dfcac-29a5-73bb-9d8b-4fac2204a8ee,1685,0.6666666865348816,False,initial then terminal state; terminal success only,DishrackEvaluator,
sim_load_the_plates_into_the_dish_rack,episode_019e0667-b96a-7872-9b80-a9a4fcb9d15b,1794,1.0,True,initial then terminal state; terminal success only,DishrackEvaluator,
sim_load_the_plates_into_the_dish_rack,episode_019e06b3-269e-7f32-be70-0f090e5b035c,1481,0.6666666865348816,False,initial then terminal state; terminal success only,DishrackEvaluator,
sim_load_the_plates_into_the_dish_rack,episode_019e091f-8d4f-76e7-8518-4713bcc28cb6,1256,1.0,True,initial then terminal state; terminal success only,DishrackEvaluator,
sim_load_the_plates_into_the_dish_rack,episode_019e08a5-35d5-71f5-8675-39cc6eed5afb,564,1.0,True,initial then terminal state; terminal success only,DishrackEvaluator,
sim_load_the_plates_into_the_dish_rack,episode_019e042d-1231-72a5-8840-bd62820ce168,534,1.0,True,initial then terminal state; terminal success only,DishrackEvaluator,
sim_load_the_plates_into_the_dish_rack,episode_019dfdfe-8009-779f-803b-fac857502885,355,1.0,True,initial then terminal state; terminal success only,DishrackEvaluator,
sim_load_the_plates_into_the_dish_rack,episode_019e0647-305e-751f-876d-878ed43fbb70,472,0.0,False,initial then terminal state; terminal success only,DishrackEvaluator,
sim_load_the_plates_into_the_dish_rack,episode_019dfdd4-8525-7d3c-bb92-a94469080cd7,1286,0.3333333432674408,False,initial then terminal state; terminal success only,DishrackEvaluator,
sim_load_the_plates_into_the_dish_rack,episode_019df6be-1b95-76de-9955-830d3f9e1808,1552,0.6666666865348816,False,initial then terminal state; terminal success only,DishrackEvaluator,
sim_load_the_plates_into_the_dish_rack,episode_019e096e-f331-7ef9-9b2e-d19a6c425585,1652,0.25,False,initial then terminal state; terminal success only,DishrackEvaluator,
sim_load_the_plates_into_the_dish_rack,episode_019e05ad-cad7-73cf-90b6-a335470201d5,386,1.0,True,initial then terminal state; terminal success only,DishrackEvaluator,
sim_load_the_plates_into_the_dish_rack,episode_019dfbf2-10f5-745a-aee7-cb78e1fcf4ee,1511,0.5,False,initial then terminal state; terminal success only,DishrackEvaluator,
sim_load_the_plates_into_the_dish_rack,episode_019e041a-0511-7a85-b6a3-54729165e75e,995,1.0,True,initial then terminal state; terminal success only,DishrackEvaluator,
sim_load_the_plates_into_the_dish_rack,episode_019dfc70-ba5b-7c3c-97b6-eff49a2a8f52,1799,0.3333333432674408,False,initial then terminal state; terminal success only,DishrackEvaluator,
sim_load_the_plates_into_the_dish_rack,episode_019e0842-d189-7355-a22f-9f659fdb6dea,1412,1.0,True,initial then terminal state; terminal success only,DishrackEvaluator,
sim_load_the_plates_into_the_dish_rack,episode_019e0072-ff48-74b6-af73-9344c2b55de1,3248,1.0,True,initial then terminal state; terminal success only,DishrackEvaluator,
sim_load_the_plates_into_the_dish_rack,episode_019dfc65-18a3-738c-bee7-64ecb93ed93f,1229,1.0,True,initial then terminal state; terminal success only,DishrackEvaluator,
sim_load_the_plates_into_the_dish_rack,episode_019e06f0-4f28-7ffb-be45-48ad4868895f,2114,1.0,True,initial then terminal state; terminal success only,DishrackEvaluator,
sim_load_the_plates_into_the_dish_rack,episode_019e0625-0c6c-7d59-99aa-33b19faaae35,1333,0.6666666865348816,False,initial then terminal state; terminal success only,DishrackEvaluator,
sim_load_the_plates_into_the_dish_rack,episode_019e01fb-6b92-7a39-bab2-c72eb492812a,575,1.0,True,initial then terminal state; terminal success only,DishrackEvaluator,
sim_load_the_plates_into_the_dish_rack,episode_019e094d-219f-7184-91bb-064a51571f7f,1084,0.6666666865348816,False,initial then terminal state; terminal success only,DishrackEvaluator,
sim_load_the_plates_into_the_dish_rack,episode_019e0905-9070-7366-b476-514b2f388465,854,0.6666666865348816,False,initial then terminal state; terminal success only,DishrackEvaluator,
sim_put_the_plastic_bottles_in_the_bin,episode_019e255a-cef6-7114-8172-e7ff08a6b83b,1085,1.0,True,initial then terminal state; terminal success only,PutBottlesInBinEvaluator,
sim_put_the_plastic_bottles_in_the_bin,episode_019e287a-ca70-7493-97d4-ad0b9bc03180,1153,1.0,True,initial then terminal state; terminal success only,PutBottlesInBinEvaluator,
sim_put_the_plastic_bottles_in_the_bin,episode_019e324f-932f-7a8b-8908-93c77e976ed8,821,1.0,True,initial then terminal state; terminal success only,PutBottlesInBinEvaluator,
sim_put_the_plastic_bottles_in_the_bin,episode_019e1dd3-b63d-7887-b404-9662ca96b150,813,1.0,True,initial then terminal state; terminal success only,PutBottlesInBinEvaluator,
sim_put_the_plastic_bottles_in_the_bin,episode_019e27b6-1752-7291-958b-a9f4caf2e6a8,525,0.6666666865348816,False,initial then terminal state; terminal success only,PutBottlesInBinEvaluator,
sim_put_the_plastic_bottles_in_the_bin,episode_019e24ad-168a-7326-9181-5fa288c79525,451,1.0,True,initial then terminal state; terminal success only,PutBottlesInBinEvaluator,
sim_put_the_plastic_bottles_in_the_bin,episode_019e21f3-8160-7668-bd70-df700bcdb266,1302,1.0,True,initial then terminal state; terminal success only,PutBottlesInBinEvaluator,
sim_put_the_plastic_bottles_in_the_bin,episode_019e1d46-0f49-7cbf-bf8d-ebefcc506cca,1534,1.0,True,initial then terminal state; terminal success only,PutBottlesInBinEvaluator,
sim_put_the_plastic_bottles_in_the_bin,episode_019e3268-1da7-73e0-91d7-08dc762a9bb8,917,1.0,True,initial then terminal state; terminal success only,PutBottlesInBinEvaluator,
sim_put_the_plastic_bottles_in_the_bin,episode_019e39b6-374d-7a95-b9cc-849967b34326,981,1.0,True,initial then terminal state; terminal success only,PutBottlesInBinEvaluator,
sim_put_the_plastic_bottles_in_the_bin,episode_019e208b-ba7f-76fe-adb7-f610113e8666,997,1.0,True,initial then terminal state; terminal success only,PutBottlesInBinEvaluator,
sim_put_the_plastic_bottles_in_the_bin,episode_019e2254-e45b-7901-918b-9313cb5d8036,866,1.0,True,initial then terminal state; terminal success only,PutBottlesInBinEvaluator,
sim_put_the_plastic_bottles_in_the_bin,episode_019e32ff-79cc-7504-bd9c-ef5c1c1c51eb,642,1.0,True,initial then terminal state; terminal success only,PutBottlesInBinEvaluator,
sim_put_the_plastic_bottles_in_the_bin,episode_019e254d-f997-7874-adb5-d7b435a813e1,787,1.0,True,initial then terminal state; terminal success only,PutBottlesInBinEvaluator,
sim_put_the_plastic_bottles_in_the_bin,episode_019e2dba-f84b-74f0-9eee-c8721d9af8d3,891,1.0,True,initial then terminal state; terminal success only,PutBottlesInBinEvaluator,
sim_put_the_plastic_bottles_in_the_bin,episode_019e2d7d-be2f-7feb-9ea9-41646bf7d015,701,1.0,True,initial then terminal state; terminal success only,PutBottlesInBinEvaluator,
sim_put_the_plastic_bottles_in_the_bin,episode_019e2f75-3cd5-7197-8618-58f39a91491e,625,1.0,True,initial then terminal state; terminal success only,PutBottlesInBinEvaluator,
sim_put_the_plastic_bottles_in_the_bin,episode_019e2ed0-af37-7d1f-a0fa-fb3a038f3222,996,1.0,True,initial then terminal state; terminal success only,PutBottlesInBinEvaluator,
sim_put_the_plastic_bottles_in_the_bin,episode_019e3258-b9f2-72c0-b011-c208c312624c,921,1.0,True,initial then terminal state; terminal success only,PutBottlesInBinEvaluator,
sim_put_the_plastic_bottles_in_the_bin,episode_019e20f1-f13d-7f4d-8791-240d74c05f34,847,1.0,True,initial then terminal state; terminal success only,PutBottlesInBinEvaluator,
sim_put_the_plastic_bottles_in_the_bin,episode_019e2b0d-08e2-71f5-b17f-6904970cc6aa,1028,1.0,True,initial then terminal state; terminal success only,PutBottlesInBinEvaluator,
sim_put_the_plastic_bottles_in_the_bin,episode_019e1fe7-c655-7771-a4ea-b11b1689a841,906,1.0,True,initial then terminal state; terminal success only,PutBottlesInBinEvaluator,
sim_put_the_plastic_bottles_in_the_bin,episode_019e1d69-c047-72db-b61b-fdb19a222c23,1321,1.0,True,initial then terminal state; terminal success only,PutBottlesInBinEvaluator,
sim_put_the_plastic_bottles_in_the_bin,episode_019e27d7-286b-74be-a732-d879ca50a2fb,1181,1.0,True,initial then terminal state; terminal success only,PutBottlesInBinEvaluator,
sim_put_the_plastic_bottles_in_the_bin,episode_019e3cc0-1863-767f-93d5-8b399c635b98,673,1.0,True,initial then terminal state; terminal success only,PutBottlesInBinEvaluator,
sim_put_the_plastic_bottles_in_the_bin,episode_019e255d-609f-757e-8c74-8f6230ed6cd2,549,1.0,True,initial then terminal state; terminal success only,PutBottlesInBinEvaluator,
sim_put_the_plastic_bottles_in_the_bin,episode_019e32be-47b4-797c-8060-21299d430c25,1081,1.0,True,initial then terminal state; terminal success only,PutBottlesInBinEvaluator,
sim_put_the_plastic_bottles_in_the_bin,episode_019e1f92-df3e-7d66-a4ff-a22264ac5d90,760,1.0,True,initial then terminal state; terminal success only,PutBottlesInBinEvaluator,
sim_put_the_plastic_bottles_in_the_bin,episode_019e38df-1862-77d7-8219-021837d6248f,811,1.0,True,initial then terminal state; terminal success only,PutBottlesInBinEvaluator,
sim_put_the_plastic_bottles_in_the_bin,episode_019e392d-04d3-7ba4-b18f-b3ee7d44ad4f,1075,1.0,True,initial then terminal state; terminal success only,PutBottlesInBinEvaluator,
sim_put_the_plastic_bottles_in_the_bin,episode_019e2443-7448-727d-b061-4fe23a93f7e0,1199,1.0,True,initial then terminal state; terminal success only,PutBottlesInBinEvaluator,
sim_put_the_plastic_bottles_in_the_bin,episode_019e2c59-5758-7eec-9790-d64b3f6dc64d,853,1.0,True,initial then terminal state; terminal success only,PutBottlesInBinEvaluator,
sim_put_the_plastic_bottles_in_the_bin,episode_019e223e-0fdc-796e-8818-87f8a07bb529,1422,1.0,True,initial then terminal state; terminal success only,PutBottlesInBinEvaluator,
sim_put_the_plastic_bottles_in_the_bin,episode_019e2728-a265-7408-a4c4-bbd8a548ee2e,792,1.0,True,initial then terminal state; terminal success only,PutBottlesInBinEvaluator,
sim_put_the_plastic_bottles_in_the_bin,episode_019e20b0-e1b9-7f33-a330-78daab010e15,510,1.0,True,initial then terminal state; terminal success only,PutBottlesInBinEvaluator,
sim_put_the_plastic_bottles_in_the_bin,episode_019e3056-ca69-77ee-a079-b37e8aa6d2f9,997,1.0,True,initial then terminal state; terminal success only,PutBottlesInBinEvaluator,
sim_put_the_plastic_bottles_in_the_bin,episode_019e2ef9-3576-7d3d-8f66-04772f763b79,1445,1.0,True,initial then terminal state; terminal success only,PutBottlesInBinEvaluator,
sim_put_the_plastic_bottles_in_the_bin,episode_019e2975-05eb-76b5-b05e-6ca9edfb6475,972,1.0,True,initial then terminal state; terminal success only,PutBottlesInBinEvaluator,
sim_put_the_plastic_bottles_in_the_bin,episode_019e1dea-52aa-7b4b-85cd-a4d0b225f06f,789,1.0,True,initial then terminal state; terminal success only,PutBottlesInBinEvaluator,
sim_put_the_plastic_bottles_in_the_bin,episode_019e24eb-74eb-75e4-869c-8fc6d134a3e6,1066,1.0,True,initial then terminal state; terminal success only,PutBottlesInBinEvaluator,
sim_put_the_plastic_bottles_in_the_bin,episode_019e2cb3-7b97-75c5-9203-eaf91c3ab866,1118,1.0,True,initial then terminal state; terminal success only,PutBottlesInBinEvaluator,
sim_put_the_plastic_bottles_in_the_bin,episode_019e3c77-967d-7670-bd66-d047654c768d,1034,1.0,True,initial then terminal state; terminal success only,PutBottlesInBinEvaluator,
sim_put_the_plastic_bottles_in_the_bin,episode_019e1f18-c8b4-7fe8-9313-f8e22b97eaa6,750,1.0,True,initial then terminal state; terminal success only,PutBottlesInBinEvaluator,
sim_put_the_plastic_bottles_in_the_bin,episode_019e3d09-7048-71ee-a395-feb41eca72c7,785,1.0,True,initial then terminal state; terminal success only,PutBottlesInBinEvaluator,
sim_put_the_plastic_bottles_in_the_bin,episode_019e3cf2-a6ce-7ff1-8112-7eb34b90d904,1194,1.0,True,initial then terminal state; terminal success only,PutBottlesInBinEvaluator,
sim_put_the_plastic_bottles_in_the_bin,episode_019e2149-bff9-784f-b0f1-5f920128190f,1355,1.0,True,initial then terminal state; terminal success only,PutBottlesInBinEvaluator,
sim_put_the_plastic_bottles_in_the_bin,episode_019e298d-a3a8-7e9e-99a7-0031bad804a2,416,1.0,True,initial then terminal state; terminal success only,PutBottlesInBinEvaluator,
sim_put_the_plastic_bottles_in_the_bin,episode_019e283c-af2d-73bb-b0d9-5415e460efcd,869,1.0,True,initial then terminal state; terminal success only,PutBottlesInBinEvaluator,
sim_put_the_plastic_bottles_in_the_bin,episode_019e1d24-e02b-7b9d-ac0c-35105c5de1ea,599,1.0,True,initial then terminal state; terminal success only,PutBottlesInBinEvaluator,
sim_put_the_plastic_bottles_in_the_bin,episode_019e2d07-a0db-7985-98b7-5878b6966a19,1027,1.0,True,initial then terminal state; terminal success only,PutBottlesInBinEvaluator,
sim_put_the_plastic_bottles_in_the_bin,episode_019e2667-382f-7312-acf5-9dd99d402a49,1547,1.0,True,initial then terminal state; terminal success only,PutBottlesInBinEvaluator,
sim_put_the_plastic_bottles_in_the_bin,episode_019e317a-4e37-76a2-bc16-319922f854c6,667,1.0,True,initial then terminal state; terminal success only,PutBottlesInBinEvaluator,
sim_put_the_plastic_bottles_in_the_bin,episode_019e22a4-4f70-7b32-bce3-7487b65147fc,514,1.0,True,initial then terminal state; terminal success only,PutBottlesInBinEvaluator,
sim_put_the_plastic_bottles_in_the_bin,episode_019e32e2-0e24-7bd6-b35e-61dbeba6be50,1132,1.0,True,initial then terminal state; terminal success only,PutBottlesInBinEvaluator,
sim_put_the_plastic_bottles_in_the_bin,episode_019e32cb-038e-7bca-b3fa-696fe4534921,1217,1.0,True,initial then terminal state; terminal success only,PutBottlesInBinEvaluator,
sim_put_the_plastic_bottles_in_the_bin,episode_019e32df-b4a3-7dce-8911-553067f08694,986,1.0,True,initial then terminal state; terminal success only,PutBottlesInBinEvaluator,
sim_put_the_plastic_bottles_in_the_bin,episode_019e301f-3bf2-7360-a2f7-2e5d404c7590,786,1.0,True,initial then terminal state; terminal success only,PutBottlesInBinEvaluator,
sim_put_the_plastic_bottles_in_the_bin,episode_019e2c4d-22b9-74e6-925f-1b58479d6ce5,1087,1.0,True,initial then terminal state; terminal success only,PutBottlesInBinEvaluator,
sim_put_the_plastic_bottles_in_the_bin,episode_019e3cbb-acc0-72bf-b703-527a42b7776d,1372,1.0,True,initial then terminal state; terminal success only,PutBottlesInBinEvaluator,
sim_put_the_plastic_bottles_in_the_bin,episode_019e39d9-3060-75a9-9f6d-0fec5aa97e48,668,1.0,True,initial then terminal state; terminal success only,PutBottlesInBinEvaluator,
sim_put_the_plastic_bottles_in_the_bin,episode_019e31ab-9bb8-7def-9849-a087650acbd9,1080,1.0,True,initial then terminal state; terminal success only,PutBottlesInBinEvaluator,
sim_put_the_plastic_bottles_in_the_bin,episode_019e3c79-9a11-711d-8891-e095b6d25b95,841,1.0,True,initial then terminal state; terminal success only,PutBottlesInBinEvaluator,
sim_put_the_plastic_bottles_in_the_bin,episode_019e3d1e-ff1e-7a77-9baf-ee0383475990,1253,1.0,True,initial then terminal state; terminal success only,PutBottlesInBinEvaluator,
sim_put_the_plastic_bottles_in_the_bin,episode_019e1ddc-271c-7e55-b364-4a30e1ce1f41,1186,1.0,True,initial then terminal state; terminal success only,PutBottlesInBinEvaluator,
sim_put_the_plastic_bottles_in_the_bin,episode_019e2100-5bcc-7df8-bda7-66e7c80f1da9,844,1.0,True,initial then terminal state; terminal success only,PutBottlesInBinEvaluator,
sim_put_the_plastic_bottles_in_the_bin,episode_019e2d35-a0da-7fbe-a136-b486c750b573,432,1.0,True,initial then terminal state; terminal success only,PutBottlesInBinEvaluator,
sim_put_the_plastic_bottles_in_the_bin,episode_019e1d63-c956-7f60-9a89-2cd880eeee78,691,1.0,True,initial then terminal state; terminal success only,PutBottlesInBinEvaluator,
sim_put_the_plastic_bottles_in_the_bin,episode_019e2710-138a-7329-b061-2a1bf57cb0ba,1220,1.0,True,initial then terminal state; terminal success only,PutBottlesInBinEvaluator,
sim_put_the_plastic_bottles_in_the_bin,episode_019e257f-2b26-7e6b-8bec-c0824d0b873c,820,1.0,True,initial then terminal state; terminal success only,PutBottlesInBinEvaluator,
sim_put_the_plastic_bottles_in_the_bin,episode_019e2004-6d72-78ca-9f21-2935a639b50a,1090,1.0,True,initial then terminal state; terminal success only,PutBottlesInBinEvaluator,
sim_put_the_plastic_bottles_in_the_bin,episode_019e2087-d678-7952-a525-c5cf40176308,619,1.0,True,initial then terminal state; terminal success only,PutBottlesInBinEvaluator,
sim_put_the_plastic_bottles_in_the_bin,episode_019e3904-b02f-7c25-a9c1-75b638c9eb36,1059,1.0,True,initial then terminal state; terminal success only,PutBottlesInBinEvaluator,
sim_put_the_plastic_bottles_in_the_bin,episode_019e2bf3-419f-7a71-b722-1e00fda7325d,667,1.0,True,initial then terminal state; terminal success only,PutBottlesInBinEvaluator,
sim_put_the_plastic_bottles_in_the_bin,episode_019e20f2-92f1-7c75-bf2e-9da86f8c8bea,1127,1.0,True,initial then terminal state; terminal success only,PutBottlesInBinEvaluator,
sim_put_the_plastic_bottles_in_the_bin,episode_019e1fc3-5411-7b01-ac80-63706a551317,636,1.0,True,initial then terminal state; terminal success only,PutBottlesInBinEvaluator,
sim_put_the_plastic_bottles_in_the_bin,episode_019e31d4-799a-7d39-a2af-45f9ba806323,1207,1.0,True,initial then terminal state; terminal success only,PutBottlesInBinEvaluator,
sim_put_the_plastic_bottles_in_the_bin,episode_019e31c1-c96e-71ef-832f-4d1270df9b40,508,1.0,True,initial then terminal state; terminal success only,PutBottlesInBinEvaluator,
sim_put_the_plastic_bottles_in_the_bin,episode_019e29a1-12eb-715b-bda1-6ebb8386bf51,390,1.0,True,initial then terminal state; terminal success only,PutBottlesInBinEvaluator,
sim_put_the_plastic_bottles_in_the_bin,episode_019e301e-c553-7149-af6f-f79bdbcb9c4b,980,1.0,True,initial then terminal state; terminal success only,PutBottlesInBinEvaluator,
sim_put_the_plastic_bottles_in_the_bin,episode_019e1d10-5501-7adf-9353-8b9aebe3a7ec,614,1.0,True,initial then terminal state; terminal success only,PutBottlesInBinEvaluator,
sim_put_the_plastic_bottles_in_the_bin,episode_019e222a-e6eb-7c81-9d0e-a2e941746a0b,1270,1.0,True,initial then terminal state; terminal success only,PutBottlesInBinEvaluator,
sim_put_the_plastic_bottles_in_the_bin,episode_019e1fee-b4c8-788c-831e-6f2fd7cc2a8e,989,1.0,True,initial then terminal state; terminal success only,PutBottlesInBinEvaluator,
sim_put_the_plastic_bottles_in_the_bin,episode_019e3019-d448-7226-90c2-3fb65345e1d4,818,1.0,True,initial then terminal state; terminal success only,PutBottlesInBinEvaluator,
sim_put_the_plastic_bottles_in_the_bin,episode_019e243e-6f65-7ce8-8621-d66afdfa2589,814,1.0,True,initial then terminal state; terminal success only,PutBottlesInBinEvaluator,
sim_put_the_plastic_bottles_in_the_bin,episode_019e3bc5-cf61-7523-ade6-ffd5d32ba450,1259,1.0,True,initial then terminal state; terminal success only,PutBottlesInBinEvaluator,
sim_put_the_plastic_bottles_in_the_bin,episode_019e2781-068b-7189-a55b-275db432bf68,945,1.0,True,initial then terminal state; terminal success only,PutBottlesInBinEvaluator,
sim_put_the_plastic_bottles_in_the_bin,episode_019e2143-88d4-7264-8b5d-8da60615cde1,1046,1.0,True,initial then terminal state; terminal success only,PutBottlesInBinEvaluator,
sim_put_the_plastic_bottles_in_the_bin,episode_019e2ceb-aa4e-7760-b6e1-444e6055c02c,408,1.0,True,initial then terminal state; terminal success only,PutBottlesInBinEvaluator,
sim_put_the_plastic_bottles_in_the_bin,episode_019e2c19-9d05-74c8-9d7c-a3af061431f3,858,1.0,True,initial then terminal state; terminal success only,PutBottlesInBinEvaluator,
sim_put_the_plastic_bottles_in_the_bin,episode_019e2587-4c72-7b5a-80fe-3eebb7f5a4b0,883,1.0,True,initial then terminal state; terminal success only,PutBottlesInBinEvaluator,
sim_put_the_plastic_bottles_in_the_bin,episode_019e2132-316c-71ca-98c1-26367de8b081,1214,1.0,True,initial then terminal state; terminal success only,PutBottlesInBinEvaluator,
sim_put_the_plastic_bottles_in_the_bin,episode_019e2534-2c73-7a91-bdae-794c9920ddd1,891,1.0,True,initial then terminal state; terminal success only,PutBottlesInBinEvaluator,
sim_put_the_plastic_bottles_in_the_bin,episode_019e2026-260d-7d7f-abd4-79d7bc57b0aa,1003,1.0,True,initial then terminal state; terminal success only,PutBottlesInBinEvaluator,
sim_put_the_plastic_bottles_in_the_bin,episode_019e2ea1-d236-75cd-af15-0c090805917e,871,1.0,True,initial then terminal state; terminal success only,PutBottlesInBinEvaluator,
sim_put_the_plastic_bottles_in_the_bin,episode_019e2cf1-84a6-7e3c-b887-d7058fcd5aea,874,1.0,True,initial then terminal state; terminal success only,PutBottlesInBinEvaluator,
sim_put_the_plastic_bottles_in_the_bin,episode_019e1f83-baae-7512-9634-eed819e1c419,1493,1.0,True,initial then terminal state; terminal success only,PutBottlesInBinEvaluator,
sim_put_the_plastic_bottles_in_the_bin,episode_019e253e-b4b2-79e3-adaf-4625b7e77d74,744,1.0,True,initial then terminal state; terminal success only,PutBottlesInBinEvaluator,
sim_put_the_plastic_bottles_in_the_bin,episode_019e2d97-d22c-7944-a574-ff780e22a010,996,1.0,True,initial then terminal state; terminal success only,PutBottlesInBinEvaluator,
sim_put_the_plastic_bottles_in_the_bin,episode_019e1f3c-c556-75a7-9e0a-f6541a9273fd,869,1.0,True,initial then terminal state; terminal success only,PutBottlesInBinEvaluator,
sim_put_the_plastic_bottles_in_the_bin,episode_019e1cd6-20cc-7327-b909-bacdc5d0c16d,1202,1.0,True,initial then terminal state; terminal success only,PutBottlesInBinEvaluator,
sim_put_the_plastic_bottles_in_the_bin,episode_019e3d0c-c705-7cdb-8c48-0ad295624bc1,1237,1.0,True,initial then terminal state; terminal success only,PutBottlesInBinEvaluator,
sim_put_the_plastic_bottles_in_the_bin,episode_019e25d6-32fe-73e8-8b28-a09c091e020d,1311,1.0,True,initial then terminal state; terminal success only,PutBottlesInBinEvaluator,
sim_put_the_plastic_bottles_in_the_bin,episode_019e24e0-f3d0-76f4-9873-1d31853c6a88,1066,1.0,True,initial then terminal state; terminal success only,PutBottlesInBinEvaluator,
sim_put_the_plastic_bottles_in_the_bin,episode_019e1cd9-bd11-77aa-8460-9ad4f3438ab2,1038,1.0,True,initial then terminal state; terminal success only,PutBottlesInBinEvaluator,
sim_put_the_plastic_bottles_in_the_bin,episode_019e2c8b-1c3f-7200-bcb8-c9e9bd0cd301,594,1.0,True,initial then terminal state; terminal success only,PutBottlesInBinEvaluator,
sim_put_the_plastic_bottles_in_the_bin,episode_019e2f72-ec41-74bc-904f-dcc02a10c0ec,963,1.0,True,initial then terminal state; terminal success only,PutBottlesInBinEvaluator,
sim_put_the_plastic_bottles_in_the_bin,episode_019e2a4e-3e53-723e-8a8f-8a992684d305,1330,1.0,True,initial then terminal state; terminal success only,PutBottlesInBinEvaluator,
sim_put_the_plastic_bottles_in_the_bin,episode_019e1f4a-6977-7380-83c3-c205bc9eb1f9,528,1.0,True,initial then terminal state; terminal success only,PutBottlesInBinEvaluator,
sim_put_the_plastic_bottles_in_the_bin,episode_019e3a02-53a5-7679-983c-db46e1f2ab75,407,1.0,True,initial then terminal state; terminal success only,PutBottlesInBinEvaluator,
sim_put_the_plastic_bottles_in_the_bin,episode_019e25ad-23d1-79b2-9432-810f80e10acb,1307,1.0,True,initial then terminal state; terminal success only,PutBottlesInBinEvaluator,
sim_put_the_plastic_bottles_in_the_bin,episode_019e2cc9-add8-7f53-9903-b60abc5120a3,696,1.0,True,initial then terminal state; terminal success only,PutBottlesInBinEvaluator,
sim_put_the_plastic_bottles_in_the_bin,episode_019e2fe6-5e92-791e-980a-0dc8bb9dbef3,992,1.0,True,initial then terminal state; terminal success only,PutBottlesInBinEvaluator,
sim_put_the_plastic_bottles_in_the_bin,episode_019e20c4-ca1e-744d-8520-1fc09615ed24,396,1.0,True,initial then terminal state; terminal success only,PutBottlesInBinEvaluator,
sim_put_the_plastic_bottles_in_the_bin,episode_019e2a47-000d-702b-9918-ee8cdccc6c9d,1219,1.0,True,initial then terminal state; terminal success only,PutBottlesInBinEvaluator,
sim_put_the_plastic_bottles_in_the_bin,episode_019e2eb0-0ca2-76de-be1f-ecd8e216133e,950,1.0,True,initial then terminal state; terminal success only,PutBottlesInBinEvaluator,
sim_put_the_plastic_bottles_in_the_bin,episode_019e3034-cdd8-7d83-8450-feef1d072cf7,1227,1.0,True,initial then terminal state; terminal success only,PutBottlesInBinEvaluator,
sim_put_the_plastic_bottles_in_the_bin,episode_019e2767-033e-74f6-b1a6-646df4e46b49,792,0.8333333134651184,False,initial then terminal state; terminal success only,PutBottlesInBinEvaluator,
sim_put_the_plastic_bottles_in_the_bin,episode_019e3248-8d83-7cf1-8d82-4f45df00797e,1034,1.0,True,initial then terminal state; terminal success only,PutBottlesInBinEvaluator,
sim_put_the_plastic_bottles_in_the_bin,episode_019e2c38-b274-7ec1-9a50-fb5585a06cba,494,1.0,True,initial then terminal state; terminal success only,PutBottlesInBinEvaluator,
sim_put_the_plastic_bottles_in_the_bin,episode_019e2364-322b-7f9e-9005-dee819bb2246,1234,1.0,True,initial then terminal state; terminal success only,PutBottlesInBinEvaluator,
sim_put_the_plastic_bottles_in_the_bin,episode_019e39a4-ed49-7e5e-ade0-d8c279bda235,461,1.0,True,initial then terminal state; terminal success only,PutBottlesInBinEvaluator,
sim_put_the_plastic_bottles_in_the_bin,episode_019e2482-f91f-703a-bb86-53262fbf4680,497,1.0,True,initial then terminal state; terminal success only,PutBottlesInBinEvaluator,
sim_put_the_plastic_bottles_in_the_bin,episode_019e2cd3-e58a-7940-a8cf-19bccb200f0d,1085,1.0,True,initial then terminal state; terminal success only,PutBottlesInBinEvaluator,
sim_put_the_plastic_bottles_in_the_bin,episode_019e2c1b-46c0-79a9-be0b-05cba92f9506,1159,1.0,True,initial then terminal state; terminal success only,PutBottlesInBinEvaluator,
sim_put_the_plastic_bottles_in_the_bin,episode_019e21df-f063-7abb-b4ff-26e4eaca2dc4,708,1.0,True,initial then terminal state; terminal success only,PutBottlesInBinEvaluator,
sim_put_the_plastic_bottles_in_the_bin,episode_019e2717-7240-7d78-b1f6-72f8f15cd231,616,1.0,True,initial then terminal state; terminal success only,PutBottlesInBinEvaluator,
sim_put_the_plastic_bottles_in_the_bin,episode_019e1deb-4370-777e-91b5-0c38bbe89147,1243,1.0,True,initial then terminal state; terminal success only,PutBottlesInBinEvaluator,
sim_put_the_plastic_bottles_in_the_bin,episode_019e2acb-8671-74b8-917a-c2ce33e8f120,446,1.0,True,initial then terminal state; terminal success only,PutBottlesInBinEvaluator,
sim_put_the_plastic_bottles_in_the_bin,episode_019e2257-8de2-73c3-b0e9-7a6f834c77b1,941,1.0,True,initial then terminal state; terminal success only,PutBottlesInBinEvaluator,
sim_put_the_plastic_bottles_in_the_bin,episode_019e3c56-0585-7c20-8ebf-758a4e0be26c,1411,1.0,True,initial then terminal state; terminal success only,PutBottlesInBinEvaluator,
sim_put_the_plastic_bottles_in_the_bin,episode_019e2ed4-8a05-74a7-9d70-dab9fbe58d71,654,1.0,True,initial then terminal state; terminal success only,PutBottlesInBinEvaluator,
sim_put_the_plastic_bottles_in_the_bin,episode_019e2eb5-7fe7-7d3b-9205-2cb581f83726,515,1.0,True,initial then terminal state; terminal success only,PutBottlesInBinEvaluator,
sim_put_the_plastic_bottles_in_the_bin,episode_019e2086-82ef-7ffb-8d65-9d0462d82202,691,1.0,True,initial then terminal state; terminal success only,PutBottlesInBinEvaluator,
sim_put_the_plastic_bottles_in_the_bin,episode_019e253c-f385-7543-b5eb-a18cd3e4ea6f,1453,1.0,True,initial then terminal state; terminal success only,PutBottlesInBinEvaluator,
sim_put_the_plastic_bottles_in_the_bin,episode_019e230e-6c1e-7155-9d49-5e352d460553,624,1.0,True,initial then terminal state; terminal success only,PutBottlesInBinEvaluator,
sim_put_the_plastic_bottles_in_the_bin,episode_019e39f7-d7fa-7b99-9bca-a9d9d44605f4,431,1.0,True,initial then terminal state; terminal success only,PutBottlesInBinEvaluator,
sim_put_the_plastic_bottles_in_the_bin,episode_019e2ccb-eaa1-7685-9719-63e2607db2b1,808,1.0,True,initial then terminal state; terminal success only,PutBottlesInBinEvaluator,
sim_put_the_plastic_bottles_in_the_bin,episode_019e2ac4-0b95-7510-940b-c16b51eb02e6,485,1.0,True,initial then terminal state; terminal success only,PutBottlesInBinEvaluator,
sim_put_the_plastic_bottles_in_the_bin,episode_019e2f6a-437c-7d0f-bdff-4d5b83400eeb,1189,1.0,True,initial then terminal state; terminal success only,PutBottlesInBinEvaluator,
sim_put_the_plastic_bottles_in_the_bin,episode_019e2ca6-4cbe-76a1-a533-b5c7bc7ad517,873,1.0,True,initial then terminal state; terminal success only,PutBottlesInBinEvaluator,
sim_put_the_plastic_bottles_in_the_bin,episode_019e29c8-5728-7bc9-97f0-1f834432eedd,897,1.0,True,initial then terminal state; terminal success only,PutBottlesInBinEvaluator,
sim_put_the_plastic_bottles_in_the_bin,episode_019e2718-f7ec-7c5b-82e2-a2dcfd7d50d3,1008,1.0,True,initial then terminal state; terminal success only,PutBottlesInBinEvaluator,
sim_put_the_plastic_bottles_in_the_bin,episode_019e2791-7782-74c7-8706-e1889f96d1ce,997,1.0,True,initial then terminal state; terminal success only,PutBottlesInBinEvaluator,
sim_put_the_plastic_bottles_in_the_bin,episode_019e20ca-0db5-72f9-a4c2-98ab616ac04d,1086,1.0,True,initial then terminal state; terminal success only,PutBottlesInBinEvaluator,
sim_put_the_plastic_bottles_in_the_bin,episode_019e25ca-ab44-7a12-94ad-4a2c2eb11521,522,1.0,True,initial then terminal state; terminal success only,PutBottlesInBinEvaluator,
sim_put_the_plastic_bottles_in_the_bin,episode_019e2a90-d75a-7390-9e8b-d84c8ca5aa8b,1378,1.0,True,initial then terminal state; terminal success only,PutBottlesInBinEvaluator,
sim_put_the_plastic_bottles_in_the_bin,episode_019e20b3-dd8a-7f67-a952-f3ddac6f8065,526,1.0,True,initial then terminal state; terminal success only,PutBottlesInBinEvaluator,
sim_put_the_plastic_bottles_in_the_bin,episode_019e27c4-6789-7870-bca5-7f1525d95296,652,1.0,True,initial then terminal state; terminal success only,PutBottlesInBinEvaluator,
sim_put_the_plastic_bottles_in_the_bin,episode_019e3bbe-613b-77e1-aa96-9ebfabc64e8a,1678,1.0,True,initial then terminal state; terminal success only,PutBottlesInBinEvaluator,
sim_put_the_plastic_bottles_in_the_bin,episode_019e2fa8-6c58-747b-8a3a-b98d557b4f69,1269,1.0,True,initial then terminal state; terminal success only,PutBottlesInBinEvaluator,
sim_put_the_plastic_bottles_in_the_bin,episode_019e2aed-d025-7b90-95c1-d20abf980a3f,653,1.0,True,initial then terminal state; terminal success only,PutBottlesInBinEvaluator,
sim_put_the_plastic_bottles_in_the_bin,episode_019e3c8d-f7a2-79e5-924a-b069b874a3fb,1313,1.0,True,initial then terminal state; terminal success only,PutBottlesInBinEvaluator,
sim_put_the_plastic_bottles_in_the_bin,episode_019e29c9-8bec-7980-be7f-27b8fc8b11b9,543,1.0,True,initial then terminal state; terminal success only,PutBottlesInBinEvaluator,
sim_put_the_plastic_bottles_in_the_bin,episode_019e3c75-a31b-76d7-9947-980e65743ed2,1746,1.0,True,initial then terminal state; terminal success only,PutBottlesInBinEvaluator,
sim_put_the_plastic_bottles_in_the_bin,episode_019e2bda-ec3b-7509-9ee3-6caeccc59af9,771,1.0,True,initial then terminal state; terminal success only,PutBottlesInBinEvaluator,
sim_put_the_plastic_bottles_in_the_bin,episode_019e3287-7474-7a3a-a46c-fd56faca5451,1213,1.0,True,initial then terminal state; terminal success only,PutBottlesInBinEvaluator,
sim_put_the_plastic_bottles_in_the_bin,episode_019e3009-5eed-7ab7-bdf7-008d03e96d59,411,1.0,True,initial then terminal state; terminal success only,PutBottlesInBinEvaluator,
sim_put_the_plastic_bottles_in_the_bin,episode_019e1f1a-ed9f-7c09-91d8-acf7ad50f2b9,1631,1.0,True,initial then terminal state; terminal success only,PutBottlesInBinEvaluator,
sim_put_the_plastic_bottles_in_the_bin,episode_019e2ec7-c10d-700a-9d6e-4be884533153,1207,1.0,True,initial then terminal state; terminal success only,PutBottlesInBinEvaluator,
sim_put_the_plastic_bottles_in_the_bin,episode_019e2228-4969-7640-a191-768dd5c5fcbf,1160,1.0,True,initial then terminal state; terminal success only,PutBottlesInBinEvaluator,
sim_put_the_plastic_bottles_in_the_bin,episode_019e2fc0-46b7-73a9-89b7-7b60d51d75a2,528,1.0,True,initial then terminal state; terminal success only,PutBottlesInBinEvaluator,
sim_put_the_plastic_bottles_in_the_bin,episode_019e3216-b330-79b8-9f87-b206e321fa82,1194,1.0,True,initial then terminal state; terminal success only,PutBottlesInBinEvaluator,
sim_put_the_plastic_bottles_in_the_bin,episode_019e302e-bf63-77c3-826a-3b97388eb2ab,1068,1.0,True,initial then terminal state; terminal success only,PutBottlesInBinEvaluator,
sim_put_the_plastic_bottles_in_the_bin,episode_019e314a-e561-7ab0-aa4c-6eb591db7a05,838,1.0,True,initial then terminal state; terminal success only,PutBottlesInBinEvaluator,
sim_put_the_plastic_bottles_in_the_bin,episode_019e2164-29dd-71d0-ba11-2824f9c5bb56,1609,1.0,True,initial then terminal state; terminal success only,PutBottlesInBinEvaluator,
sim_put_the_plastic_bottles_in_the_bin,episode_019e1f53-4774-7fe9-a99b-95f1b66d4740,1340,1.0,True,initial then terminal state; terminal success only,PutBottlesInBinEvaluator,
sim_put_the_plastic_bottles_in_the_bin,episode_019e322a-db33-7323-bd04-0854f3a37b07,925,1.0,True,initial then terminal state; terminal success only,PutBottlesInBinEvaluator,
sim_put_the_plastic_bottles_in_the_bin,episode_019e1cc2-aa63-7db1-90c6-9dc2ed72070d,1438,1.0,True,initial then terminal state; terminal success only,PutBottlesInBinEvaluator,
sim_put_the_plastic_bottles_in_the_bin,episode_019e1e07-66cb-71e7-b7b4-cef0ec2ce364,712,1.0,True,initial then terminal state; terminal success only,PutBottlesInBinEvaluator,
sim_put_the_plastic_bottles_in_the_bin,episode_019e31f2-cb32-77f5-8896-55f74e2a1419,1193,1.0,True,initial then terminal state; terminal success only,PutBottlesInBinEvaluator,
sim_put_the_plastic_bottles_in_the_bin,episode_019e3bc9-6825-706a-bebf-135469ea7d82,638,1.0,True,initial then terminal state; terminal success only,PutBottlesInBinEvaluator,
sim_put_the_plastic_bottles_in_the_bin,episode_019e3c52-e7ac-7e53-890e-86767ce22f36,1017,1.0,True,initial then terminal state; terminal success only,PutBottlesInBinEvaluator,
sim_put_the_plastic_bottles_in_the_bin,episode_019e1f16-a172-7db0-847e-837745abc468,907,1.0,True,initial then terminal state; terminal success only,PutBottlesInBinEvaluator,
sim_put_the_plastic_bottles_in_the_bin,episode_019e38ed-320b-7774-9976-14553db8f464,1042,1.0,True,initial then terminal state; terminal success only,PutBottlesInBinEvaluator,
sim_put_the_plastic_bottles_in_the_bin,episode_019e2adc-bfc8-74b1-a79c-67901b895a38,767,1.0,True,initial then terminal state; terminal success only,PutBottlesInBinEvaluator,
sim_put_the_plastic_bottles_in_the_bin,episode_019e24e5-64b7-772f-969f-b1aadededcd4,1012,1.0,True,initial then terminal state; terminal success only,PutBottlesInBinEvaluator,
sim_put_the_plastic_bottles_in_the_bin,episode_019e1f27-eb79-79c2-a45b-7d790d35c99e,808,1.0,True,initial then terminal state; terminal success only,PutBottlesInBinEvaluator,
sim_put_the_plastic_bottles_in_the_bin,episode_019e2b1d-b1a1-79e4-a033-33f5ddf40225,960,1.0,True,initial then terminal state; terminal success only,PutBottlesInBinEvaluator,
sim_put_the_plastic_bottles_in_the_bin,episode_019e38f1-3bfa-781a-b903-a939a7fcc554,779,1.0,True,initial then terminal state; terminal success only,PutBottlesInBinEvaluator,
sim_put_the_plastic_bottles_in_the_bin,episode_019e226f-d3ab-7549-b309-a7f57b0e8932,1086,1.0,True,initial then terminal state; terminal success only,PutBottlesInBinEvaluator,
sim_put_the_plastic_bottles_in_the_bin,episode_019e2a8b-97de-7f99-98ec-67d08a0b122f,917,1.0,True,initial then terminal state; terminal success only,PutBottlesInBinEvaluator,
sim_put_the_plastic_bottles_in_the_bin,episode_019e1cfa-3be6-79b1-bab3-5b8b7fcacf6e,698,1.0,True,initial then terminal state; terminal success only,PutBottlesInBinEvaluator,
sim_put_the_plastic_bottles_in_the_bin,episode_019e3197-e0e6-7757-b2a5-216f4af83e08,921,1.0,True,initial then terminal state; terminal success only,PutBottlesInBinEvaluator,
sim_put_the_plastic_bottles_in_the_bin,episode_019e2251-5391-7a14-9d7c-5a4bba137225,1174,1.0,True,initial then terminal state; terminal success only,PutBottlesInBinEvaluator,
sim_put_the_plastic_bottles_in_the_bin,episode_019e2fd1-f094-7579-938e-f3798652ad49,593,1.0,True,initial then terminal state; terminal success only,PutBottlesInBinEvaluator,
sim_put_the_plastic_bottles_in_the_bin,episode_019e1cf3-cd6e-75dd-a407-4450f135c36f,1143,1.0,True,initial then terminal state; terminal success only,PutBottlesInBinEvaluator,
sim_put_the_plastic_bottles_in_the_bin,episode_019e1dc7-1d59-7d2e-a691-22f483638a14,920,1.0,True,initial then terminal state; terminal success only,PutBottlesInBinEvaluator,
sim_put_the_plastic_bottles_in_the_bin,episode_019e2059-6505-732d-823e-2ab42d450d34,837,1.0,True,initial then terminal state; terminal success only,PutBottlesInBinEvaluator,
sim_put_the_plastic_bottles_in_the_bin,episode_019e2f66-7b2f-72d5-a5e0-0afb918b4a69,860,1.0,True,initial then terminal state; terminal success only,PutBottlesInBinEvaluator,
sim_put_the_plastic_bottles_in_the_bin,episode_019e24f7-26bb-7108-bc77-f5711a3b4b67,784,1.0,True,initial then terminal state; terminal success only,PutBottlesInBinEvaluator,
sim_put_the_plastic_bottles_in_the_bin,episode_019e25de-f465-7939-8be9-56eea9ec938b,512,1.0,True,initial then terminal state; terminal success only,PutBottlesInBinEvaluator,
sim_put_the_plastic_bottles_in_the_bin,episode_019e20fc-6d88-72ae-89d1-eb5288506964,1403,1.0,True,initial then terminal state; terminal success only,PutBottlesInBinEvaluator,
sim_put_the_plastic_bottles_in_the_bin,episode_019e3ca5-3769-7dc7-acbe-16585af04fd4,982,1.0,True,initial then terminal state; terminal success only,PutBottlesInBinEvaluator,
sim_put_the_plastic_bottles_in_the_bin,episode_019e3c21-f1ab-7c6c-8403-36b68f35cce9,785,1.0,True,initial then terminal state; terminal success only,PutBottlesInBinEvaluator,
sim_put_the_plastic_bottles_in_the_bin,episode_019e3d01-a420-7a26-9405-196575578765,682,1.0,True,initial then terminal state; terminal success only,PutBottlesInBinEvaluator,
sim_put_the_plastic_bottles_in_the_bin,episode_019e2fc7-bc14-7c30-ace9-025849e253eb,617,1.0,True,initial then terminal state; terminal success only,PutBottlesInBinEvaluator,
sim_put_the_plastic_bottles_in_the_bin,episode_019e2b0f-f9e7-7a2e-af0a-992e978ed679,1087,1.0,True,initial then terminal state; terminal success only,PutBottlesInBinEvaluator,
sim_put_the_plastic_bottles_in_the_bin,episode_019e2fb3-8663-7924-98ff-58b8b2159dd5,1017,1.0,True,initial then terminal state; terminal success only,PutBottlesInBinEvaluator,
sim_put_the_plastic_bottles_in_the_bin,episode_019e2a8b-0714-71be-bf09-ccc462e77ac3,898,1.0,True,initial then terminal state; terminal success only,PutBottlesInBinEvaluator,
sim_put_the_plastic_bottles_in_the_bin,episode_019e27f0-82ad-7f0d-9064-f0b5061f0715,1105,1.0,True,initial then terminal state; terminal success only,PutBottlesInBinEvaluator,
sim_put_the_plastic_bottles_in_the_bin,episode_019e32f1-21b5-72bc-a498-87060f085149,911,1.0,True,initial then terminal state; terminal success only,PutBottlesInBinEvaluator,
sim_put_the_plastic_bottles_in_the_bin,episode_019e3177-20af-70f5-ba37-91ed25699863,1376,1.0,True,initial then terminal state; terminal success only,PutBottlesInBinEvaluator,
sim_put_the_plastic_bottles_in_the_bin,episode_019e27c0-6aff-72ea-b80d-16f5e636ca3d,1118,1.0,True,initial then terminal state; terminal success only,PutBottlesInBinEvaluator,
sim_put_the_plastic_bottles_in_the_bin,episode_019e22cd-ac2f-7d50-964b-24e9fcbed716,982,1.0,True,initial then terminal state; terminal success only,PutBottlesInBinEvaluator,
sim_put_the_plastic_bottles_in_the_bin,episode_019e27ce-d59a-70f4-85ef-12ec39a9d9cc,1218,1.0,True,initial then terminal state; terminal success only,PutBottlesInBinEvaluator,
sim_put_the_plastic_bottles_in_the_bin,episode_019e2242-9121-7e38-8210-30be82e5e08b,1209,1.0,True,initial then terminal state; terminal success only,PutBottlesInBinEvaluator,
sim_put_the_plastic_bottles_in_the_bin,episode_019e31cc-64b3-7bd1-9d3c-0afd15c550d0,473,1.0,True,initial then terminal state; terminal success only,PutBottlesInBinEvaluator,
sim_put_the_plastic_bottles_in_the_bin,episode_019e2988-12f0-79b1-8850-eb74c4bf8c2d,1150,1.0,True,initial then terminal state; terminal success only,PutBottlesInBinEvaluator,
sim_put_the_plastic_bottles_in_the_bin,episode_019e20f5-f8b7-7d95-8900-1fe760b3951e,1150,1.0,True,initial then terminal state; terminal success only,PutBottlesInBinEvaluator,
sim_put_the_plastic_bottles_in_the_bin,episode_019e2cbc-2575-7e03-959a-05938773c920,1004,1.0,True,initial then terminal state; terminal success only,PutBottlesInBinEvaluator,
sim_put_the_plastic_bottles_in_the_bin,episode_019e2fb0-d536-7eb4-ac29-3895433a2521,1173,1.0,True,initial then terminal state; terminal success only,PutBottlesInBinEvaluator,
sim_put_the_plastic_bottles_in_the_bin,episode_019e2ae2-7cc5-70bd-bbb9-fd5a1368cfe4,1090,1.0,True,initial then terminal state; terminal success only,PutBottlesInBinEvaluator,
sim_put_the_plastic_bottles_in_the_bin,episode_019e2d71-da5f-7f31-a567-f3e3088cf6f4,803,0.800000011920929,False,initial then terminal state; terminal success only,PutBottlesInBinEvaluator,
sim_put_the_plastic_bottles_in_the_bin,episode_019e31ca-f882-790f-b417-f327d306e0e5,1242,1.0,True,initial then terminal state; terminal success only,PutBottlesInBinEvaluator,
sim_put_the_plastic_bottles_in_the_bin,episode_019e25b5-1881-7bf0-8372-1323ae88170b,1460,1.0,True,initial then terminal state; terminal success only,PutBottlesInBinEvaluator,
sim_put_the_plastic_bottles_in_the_bin,episode_019e1dd4-54e5-7f9d-aa0b-c60046c40d12,911,1.0,True,initial then terminal state; terminal success only,PutBottlesInBinEvaluator,
sim_put_the_plastic_bottles_in_the_bin,episode_019e2ff9-692d-73a5-92b7-a09997f34f1e,1269,1.0,True,initial then terminal state; terminal success only,PutBottlesInBinEvaluator,
sim_put_the_plastic_bottles_in_the_bin,episode_019e2cea-11a6-7b65-92e4-2877203555b3,1077,1.0,True,initial then terminal state; terminal success only,PutBottlesInBinEvaluator,
sim_put_the_plastic_bottles_in_the_bin,episode_019e27ee-b13f-77d4-9743-80aacbeb876e,1110,1.0,True,initial then terminal state; terminal success only,PutBottlesInBinEvaluator,
sim_put_the_plastic_bottles_in_the_bin,episode_019e32c5-da9b-72ce-8fdf-3604f83d304c,894,1.0,True,initial then terminal state; terminal success only,PutBottlesInBinEvaluator,
sim_put_the_plastic_bottles_in_the_bin,episode_019e3cb6-8f6c-7ac7-ae9d-2563b5165628,951,1.0,True,initial then terminal state; terminal success only,PutBottlesInBinEvaluator,
sim_put_the_plastic_bottles_in_the_bin,episode_019e312f-6830-7add-a91b-e18b1af86dfc,941,1.0,True,initial then terminal state; terminal success only,PutBottlesInBinEvaluator,
sim_put_the_plastic_bottles_in_the_bin,episode_019e324c-e79d-73a8-aa90-8068c288c2e0,986,1.0,True,initial then terminal state; terminal success only,PutBottlesInBinEvaluator,
sim_put_the_plastic_bottles_in_the_bin,episode_019e2510-a076-75a7-8406-b4b50747d0ac,934,1.0,True,initial then terminal state; terminal success only,PutBottlesInBinEvaluator,
sim_put_the_plastic_bottles_in_the_bin,episode_019e2c36-771a-73e1-9630-844117057aa4,1011,1.0,True,initial then terminal state; terminal success only,PutBottlesInBinEvaluator,
sim_put_the_plastic_bottles_in_the_bin,episode_019e39f4-b777-7b91-918a-a2b2ead25042,402,1.0,True,initial then terminal state; terminal success only,PutBottlesInBinEvaluator,
sim_put_the_plastic_bottles_in_the_bin,episode_019e2cb1-ae76-716e-9b21-9a9ed6ca4b04,955,1.0,True,initial then terminal state; terminal success only,PutBottlesInBinEvaluator,
sim_put_the_plastic_bottles_in_the_bin,episode_019e21d8-008b-7536-b930-b41921240d25,1146,1.0,True,initial then terminal state; terminal success only,PutBottlesInBinEvaluator,
sim_put_the_plastic_bottles_in_the_bin,episode_019e24fe-d3fa-7a81-b865-e15f7dd39960,1442,1.0,True,initial then terminal state; terminal success only,PutBottlesInBinEvaluator,
sim_put_the_plastic_bottles_in_the_bin,episode_019e2080-e24e-7824-9205-680b27ea83d7,483,1.0,True,initial then terminal state; terminal success only,PutBottlesInBinEvaluator,
sim_put_the_plastic_bottles_in_the_bin,episode_019e2d96-1fea-7064-99ae-fe201294aff5,745,1.0,True,initial then terminal state; terminal success only,PutBottlesInBinEvaluator,
sim_put_the_plastic_bottles_in_the_bin,episode_019e2a93-f9fb-7606-960e-c0524249ad76,1338,1.0,True,initial then terminal state; terminal success only,PutBottlesInBinEvaluator,
sim_put_the_plastic_bottles_in_the_bin,episode_019e2534-7c1d-7e00-bdf3-55838bdf257f,482,1.0,True,initial then terminal state; terminal success only,PutBottlesInBinEvaluator,
sim_put_the_plastic_bottles_in_the_bin,episode_019e25da-6e01-7746-a3dc-3e623e5dcda8,834,0.75,False,initial then terminal state; terminal success only,PutBottlesInBinEvaluator,
sim_put_the_plastic_bottles_in_the_bin,episode_019e1d54-9068-7c56-b465-16858691def4,652,1.0,True,initial then terminal state; terminal success only,PutBottlesInBinEvaluator,
sim_put_the_plastic_bottles_in_the_bin,episode_019e3931-2f92-7442-898a-00786110bce1,525,1.0,True,initial then terminal state; terminal success only,PutBottlesInBinEvaluator,
sim_put_the_plastic_bottles_in_the_bin,episode_019e2870-358a-7c67-9ffc-0d51f09aeb54,1077,1.0,True,initial then terminal state; terminal success only,PutBottlesInBinEvaluator,
sim_put_the_plastic_bottles_in_the_bin,episode_019e3944-1387-7eda-bdb2-e0a17d026bbc,477,1.0,True,initial then terminal state; terminal success only,PutBottlesInBinEvaluator,
sim_put_the_plastic_bottles_in_the_bin,episode_019e24a5-47e2-7e68-a0af-49a3e7b91374,513,1.0,True,initial then terminal state; terminal success only,PutBottlesInBinEvaluator,
sim_put_the_plastic_bottles_in_the_bin,episode_019e283f-9595-701e-be19-dc0c7e668282,878,1.0,True,initial then terminal state; terminal success only,PutBottlesInBinEvaluator,
sim_put_the_plastic_bottles_in_the_bin,episode_019e1e06-c2a1-7f2d-9893-2c61c9bbb5cc,466,1.0,True,initial then terminal state; terminal success only,PutBottlesInBinEvaluator,
sim_put_the_plastic_bottles_in_the_bin,episode_019e2a34-a450-7bb3-89a2-c03cce29f34c,873,1.0,True,initial then terminal state; terminal success only,PutBottlesInBinEvaluator,
sim_put_the_plastic_bottles_in_the_bin,episode_019e2ef0-023a-723c-895e-31641dfcfe33,699,1.0,True,initial then terminal state; terminal success only,PutBottlesInBinEvaluator,
sim_put_the_plastic_bottles_in_the_bin,episode_019e399a-d9f6-7af9-85f5-5e3f6376e2c3,1070,1.0,True,initial then terminal state; terminal success only,PutBottlesInBinEvaluator,
sim_put_the_plastic_bottles_in_the_bin,episode_019e213c-0048-7b67-a859-c063c20181c7,1506,1.0,True,initial then terminal state; terminal success only,PutBottlesInBinEvaluator,
sim_put_the_plastic_bottles_in_the_bin,episode_019e1dc6-50aa-73c9-a576-5aec060a91de,1133,1.0,True,initial then terminal state; terminal success only,PutBottlesInBinEvaluator,
sim_put_the_plastic_bottles_in_the_bin,episode_019e2da1-93a8-7948-84b2-480f8174c5e1,1179,1.0,True,initial then terminal state; terminal success only,PutBottlesInBinEvaluator,
sim_put_the_plastic_bottles_in_the_bin,episode_019e3050-3077-7df2-8cb3-6da59a05a0d0,573,1.0,True,initial then terminal state; terminal success only,PutBottlesInBinEvaluator,
sim_put_the_plastic_bottles_in_the_bin,episode_019e39ba-d94d-784b-9103-38c2a32af96b,628,1.0,True,initial then terminal state; terminal success only,PutBottlesInBinEvaluator,
sim_put_the_plastic_bottles_in_the_bin,episode_019e22fb-e67a-769d-9599-47e9bebaf027,827,1.0,True,initial then terminal state; terminal success only,PutBottlesInBinEvaluator,
sim_put_the_plastic_bottles_in_the_bin,episode_019e1d14-b8fd-7ea2-98ec-ef26fa99ff3a,1327,1.0,True,initial then terminal state; terminal success only,PutBottlesInBinEvaluator,
sim_put_the_plastic_bottles_in_the_bin,episode_019e272a-6f72-7616-87dd-7a1ac555b7de,1093,1.0,True,initial then terminal state; terminal success only,PutBottlesInBinEvaluator,
sim_put_the_plastic_bottles_in_the_bin,episode_019e2515-a573-7d2f-afb9-78a7ba2d6da7,682,1.0,True,initial then terminal state; terminal success only,PutBottlesInBinEvaluator,
sim_put_the_plastic_bottles_in_the_bin,episode_019e203d-5919-77bc-8d6a-bf6cf7fc3cb0,694,1.0,True,initial then terminal state; terminal success only,PutBottlesInBinEvaluator,
sim_put_the_plastic_bottles_in_the_bin,episode_019e3c0f-0d61-78c0-9114-6b6291888364,1228,1.0,True,initial then terminal state; terminal success only,PutBottlesInBinEvaluator,
sim_put_the_plastic_bottles_in_the_bin,episode_019e2bcc-f5f0-7ce4-bbd1-4be2ba7f30a8,736,1.0,True,initial then terminal state; terminal success only,PutBottlesInBinEvaluator,
sim_put_the_plastic_bottles_in_the_bin,episode_019e2070-820c-7dd2-929e-3eb43a435bb0,513,1.0,True,initial then terminal state; terminal success only,PutBottlesInBinEvaluator,
sim_put_the_plastic_bottles_in_the_bin,episode_019e2818-0286-7243-af5a-a46fae358ff3,1278,1.0,True,initial then terminal state; terminal success only,PutBottlesInBinEvaluator,
sim_put_the_plastic_bottles_in_the_bin,episode_019e3a06-8440-73f4-b221-adfeff1da1b4,799,1.0,True,initial then terminal state; terminal success only,PutBottlesInBinEvaluator,
sim_put_the_plastic_bottles_in_the_bin,episode_019e2076-8a93-7295-a720-6d4c6a2efdbb,858,1.0,True,initial then terminal state; terminal success only,PutBottlesInBinEvaluator,
sim_put_the_plastic_bottles_in_the_bin,episode_019e2d6c-d622-78be-852e-c804e3fd62a3,756,1.0,True,initial then terminal state; terminal success only,PutBottlesInBinEvaluator,
sim_put_the_plastic_bottles_in_the_bin,episode_019e1d23-c6bf-7ad3-9404-74a2ca3c35e6,979,1.0,True,initial then terminal state; terminal success only,PutBottlesInBinEvaluator,
sim_put_the_plastic_bottles_in_the_bin,episode_019e2c50-1c8c-777a-9ec0-e79548aa0d69,648,1.0,True,initial then terminal state; terminal success only,PutBottlesInBinEvaluator,
sim_put_the_plastic_bottles_in_the_bin,episode_019e3c27-b0b2-7503-ad5f-3b4acf96dc06,1135,1.0,True,initial then terminal state; terminal success only,PutBottlesInBinEvaluator,
sim_put_the_plastic_bottles_in_the_bin,episode_019e2bee-49e1-77fc-81cf-68d192daa3d3,1069,0.8333333134651184,False,initial then terminal state; terminal success only,PutBottlesInBinEvaluator,
sim_put_the_plastic_bottles_in_the_bin,episode_019e205e-1c68-7494-96c9-c202592ed023,883,1.0,True,initial then terminal state; terminal success only,PutBottlesInBinEvaluator,
sim_put_the_plastic_bottles_in_the_bin,episode_019e262a-a7a3-7afe-84b7-c7db88e19a5c,1133,1.0,True,initial then terminal state; terminal success only,PutBottlesInBinEvaluator,
sim_put_the_plastic_bottles_in_the_bin,episode_019e215b-73b7-7386-90b8-487fcee80445,522,1.0,True,initial then terminal state; terminal success only,PutBottlesInBinEvaluator,
sim_put_the_plastic_bottles_in_the_bin,episode_019e2a46-1f43-7dae-865d-03c46b7a3cc7,505,1.0,True,initial then terminal state; terminal success only,PutBottlesInBinEvaluator,
sim_put_the_plastic_bottles_in_the_bin,episode_019e3cf3-c1d7-70df-a314-7cade14d2c02,1428,1.0,True,initial then terminal state; terminal success only,PutBottlesInBinEvaluator,
sim_put_the_plastic_bottles_in_the_bin,episode_019e39ae-b917-7a57-953e-a05f4275bff8,1289,1.0,True,initial then terminal state; terminal success only,PutBottlesInBinEvaluator,
sim_put_the_plastic_bottles_in_the_bin,episode_019e29e2-062c-760e-8b67-8ba921ba3c6f,470,1.0,True,initial then terminal state; terminal success only,PutBottlesInBinEvaluator,
sim_put_the_plastic_bottles_in_the_bin,episode_019e1fbc-a266-734a-b910-aced6b152f83,1140,1.0,True,initial then terminal state; terminal success only,PutBottlesInBinEvaluator,
sim_put_the_plastic_bottles_in_the_bin,episode_019e3906-fbd9-7cae-b95f-4a6c25aaccde,505,1.0,True,initial then terminal state; terminal success only,PutBottlesInBinEvaluator,
sim_put_the_plastic_bottles_in_the_bin,episode_019e25be-a78d-7e8e-a9b6-7f1abd385b7e,1590,1.0,True,initial then terminal state; terminal success only,PutBottlesInBinEvaluator,
sim_put_the_plastic_bottles_in_the_bin,episode_019e279e-efea-72c5-84ea-c459a1e1a612,684,1.0,True,initial then terminal state; terminal success only,PutBottlesInBinEvaluator,
sim_put_the_plastic_bottles_in_the_bin,episode_019e1ddc-bed9-7773-885f-c2fb275ce9bc,468,1.0,True,initial then terminal state; terminal success only,PutBottlesInBinEvaluator,
sim_put_the_plastic_bottles_in_the_bin,episode_019e2eba-a9a4-77e3-8330-4a5a1ba2652e,668,1.0,True,initial then terminal state; terminal success only,PutBottlesInBinEvaluator,
sim_put_the_plastic_bottles_in_the_bin,episode_019e2f85-1835-72f0-a853-28406ae281fe,384,1.0,True,initial then terminal state; terminal success only,PutBottlesInBinEvaluator,
sim_put_the_plastic_bottles_in_the_bin,episode_019e2d18-b1bf-73ab-b0d0-f741a6273680,1255,1.0,True,initial then terminal state; terminal success only,PutBottlesInBinEvaluator,
sim_put_the_plastic_bottles_in_the_bin,episode_019e2bf0-e405-7372-84d7-05a0410069d4,677,1.0,True,initial then terminal state; terminal success only,PutBottlesInBinEvaluator,
sim_put_the_plastic_bottles_in_the_bin,episode_019e20f1-0393-7fb7-87ed-ac916a34070a,479,1.0,True,initial then terminal state; terminal success only,PutBottlesInBinEvaluator,
sim_put_the_plastic_bottles_in_the_bin,episode_019e2bf4-70de-7e45-b303-f51b8975486d,701,1.0,True,initial then terminal state; terminal success only,PutBottlesInBinEvaluator,
sim_put_the_plastic_bottles_in_the_bin,episode_019e38d5-a8f4-791a-a35f-5dfb8f9b0805,883,1.0,True,initial then terminal state; terminal success only,PutBottlesInBinEvaluator,
sim_put_the_plastic_bottles_in_the_bin,episode_019e1dee-68a4-71c5-93cd-f779d2c2ad85,909,1.0,True,initial then terminal state; terminal success only,PutBottlesInBinEvaluator,
sim_put_the_plastic_bottles_in_the_bin,episode_019e25d0-1c77-71cb-a6a0-ee20ab746239,906,1.0,True,initial then terminal state; terminal success only,PutBottlesInBinEvaluator,
sim_put_the_plastic_bottles_in_the_bin,episode_019e2ef1-f5f7-7df4-9872-0b7d9f2b9579,1240,1.0,True,initial then terminal state; terminal success only,PutBottlesInBinEvaluator,
sim_set_up_chess_pieces_on_the_board,episode_019e461a-9aa1-7b61-a56d-b54aa37eb147,794,0.0,False,initial then terminal state; terminal success only,ChessBoardSetupEvaluator,
sim_set_up_chess_pieces_on_the_board,episode_019e46d0-f1ef-7c8f-96bc-ca902489997a,3387,1.0,True,initial then terminal state; terminal success only,ChessBoardSetupEvaluator,
sim_set_up_chess_pieces_on_the_board,episode_019e46a8-2b96-7cd2-8f65-3615e8dd99ae,2765,1.0,True,initial then terminal state; terminal success only,ChessBoardSetupEvaluator,
sim_set_up_chess_pieces_on_the_board,episode_019e509b-c09b-7d70-96b1-b1b45e56e3e3,2548,1.0,True,initial then terminal state; terminal success only,ChessBoardSetupEvaluator,
sim_set_up_chess_pieces_on_the_board,episode_019e470f-79fb-7350-b24d-28f73c92cb08,1484,0.4000000059604645,False,initial then terminal state; terminal success only,ChessBoardSetupEvaluator,
sim_set_up_chess_pieces_on_the_board,episode_019e5057-e117-752f-8b1c-a147cc19dc13,2522,1.0,True,initial then terminal state; terminal success only,ChessBoardSetupEvaluator,
sim_set_up_chess_pieces_on_the_board,episode_019e51b7-6745-74d3-b013-a82361a40b76,1809,0.6000000238418579,False,initial then terminal state; terminal success only,ChessBoardSetupEvaluator,
sim_set_up_chess_pieces_on_the_board,episode_019e463c-ed2d-7e22-a8e9-a2133f7d0efa,3463,1.0,True,initial then terminal state; terminal success only,ChessBoardSetupEvaluator,
sim_set_up_chess_pieces_on_the_board,episode_019e4728-6fb4-7aba-9708-e5354bee9c1b,1636,1.0,True,initial then terminal state; terminal success only,ChessBoardSetupEvaluator,
sim_set_up_chess_pieces_on_the_board,episode_019e4652-4284-740e-bb46-73e41f5f915c,1581,0.4444444477558136,False,initial then terminal state; terminal success only,ChessBoardSetupEvaluator,
sim_set_up_chess_pieces_on_the_board,episode_019e46eb-738c-7cf9-8f4f-da7f65e5e63d,1720,0.800000011920929,False,initial then terminal state; terminal success only,ChessBoardSetupEvaluator,
sim_set_up_chess_pieces_on_the_board,episode_019e4684-a468-790b-a362-8aa8be7a3d8d,2931,1.0,True,initial then terminal state; terminal success only,ChessBoardSetupEvaluator,
sim_set_up_chess_pieces_on_the_board,episode_019e50c9-357a-75e6-9b4a-c15838f036f7,2476,0.5,False,initial then terminal state; terminal success only,ChessBoardSetupEvaluator,
sim_set_up_chess_pieces_on_the_board,episode_019e4640-460d-7c6b-8c0e-55210877a294,863,0.5,False,initial then terminal state; terminal success only,ChessBoardSetupEvaluator,
sim_set_up_chess_pieces_on_the_board,episode_019e50b0-6cb5-728f-a9d6-6da8e6bbde83,3080,1.0,True,initial then terminal state; terminal success only,ChessBoardSetupEvaluator,
sim_set_up_chess_pieces_on_the_board,episode_019e477c-bb5b-7cee-9edc-15ae49ccfc7c,2088,1.0,True,initial then terminal state; terminal success only,ChessBoardSetupEvaluator,
sim_set_up_chess_pieces_on_the_board,episode_019e509f-e14c-7da4-9f0c-8bf42402d073,2232,1.0,True,initial then terminal state; terminal success only,ChessBoardSetupEvaluator,
sim_sweep_away_paper_scraps_from_the_table,episode_019dfa0d-60e1-7cd5-bd9f-36b5a5e93c23,1428,0.4285714328289032,False,initial then terminal state; terminal success only,SweepAwayEvaluator,
sim_sweep_away_paper_scraps_from_the_table,episode_019e014b-b5f6-75c1-8cb9-588dc4ae10c3,2616,0.5714285969734192,False,initial then terminal state; terminal success only,SweepAwayEvaluator,
sim_sweep_away_paper_scraps_from_the_table,episode_019dfa0b-931e-7803-a43d-35dd65a55da7,1670,0.5714285969734192,False,initial then terminal state; terminal success only,SweepAwayEvaluator,
sim_sweep_away_paper_scraps_from_the_table,episode_019df9fb-84e2-786a-bede-d126323422e1,1830,0.5714285969734192,False,initial then terminal state; terminal success only,SweepAwayEvaluator,
sim_sweep_away_paper_scraps_from_the_table,episode_019dfdba-831c-73af-a85c-4ed2e95e5aa5,2009,0.5714285969734192,False,initial then terminal state; terminal success only,SweepAwayEvaluator,
sim_sweep_away_paper_scraps_from_the_table,episode_019dfcc5-1680-7776-964e-9fee11b6f4ef,2160,0.5714285969734192,False,initial then terminal state; terminal success only,SweepAwayEvaluator,
sim_sweep_away_paper_scraps_from_the_table,episode_019dff10-bfd5-7f83-8a94-22a79c63e170,1557,0.2857142984867096,False,initial then terminal state; terminal success only,SweepAwayEvaluator,
sim_sweep_away_paper_scraps_from_the_table,episode_019dfdd4-231e-7d55-918f-b9165a015c3d,2739,0.4285714328289032,False,initial then terminal state; terminal success only,SweepAwayEvaluator,
sim_sweep_away_paper_scraps_from_the_table,episode_019e0182-8cb7-72f7-bae5-46eb43d7ba86,2699,0.5714285969734192,False,initial then terminal state; terminal success only,SweepAwayEvaluator,
sim_sweep_away_paper_scraps_from_the_table,episode_019dfe5a-227d-7a1d-aaa3-6f2ea03b86a5,1145,0.2857142984867096,False,initial then terminal state; terminal success only,SweepAwayEvaluator,
sim_sweep_away_paper_scraps_from_the_table,episode_019dfa3d-ec72-7202-b06a-9eda6b58a27c,1451,0.5714285969734192,False,initial then terminal state; terminal success only,SweepAwayEvaluator,
sim_sweep_away_paper_scraps_from_the_table,episode_019dfd27-da2b-72f8-a304-ef810b113ade,2011,0.4285714328289032,False,initial then terminal state; terminal success only,SweepAwayEvaluator,
sim_sweep_away_paper_scraps_from_the_table,episode_019dfa3e-b57f-798b-b97a-93eceffbdb93,1343,0.4285714328289032,False,initial then terminal state; terminal success only,SweepAwayEvaluator,
sim_sweep_away_paper_scraps_from_the_table,episode_019dfc54-1769-74c8-b2a7-12ea5631118e,2313,0.5714285969734192,False,initial then terminal state; terminal success only,SweepAwayEvaluator,
sim_sweep_away_paper_scraps_from_the_table,episode_019ddc54-2620-7e1e-a149-b8030905bbf4,1548,0.2857142984867096,False,initial then terminal state; terminal success only,SweepAwayEvaluator,
sim_sweep_away_paper_scraps_from_the_table,episode_019dfe91-d4f0-718b-be8d-bf47dd486769,1227,0.4285714328289032,False,initial then terminal state; terminal success only,SweepAwayEvaluator,
sim_sweep_away_paper_scraps_from_the_table,episode_019df945-a6d9-7bb3-bc2b-f88aff172e18,2257,0.4285714328289032,False,initial then terminal state; terminal success only,SweepAwayEvaluator,
sim_sweep_away_paper_scraps_from_the_table,episode_019e0199-8e53-72ca-b732-40c8eff2862f,2421,0.4285714328289032,False,initial then terminal state; terminal success only,SweepAwayEvaluator,
sim_sweep_away_paper_scraps_from_the_table,episode_019df9de-935f-7df9-8f42-32999717f927,1647,0.4285714328289032,False,initial then terminal state; terminal success only,SweepAwayEvaluator,
sim_sweep_away_paper_scraps_from_the_table,episode_019dfd14-40b1-7d5d-9482-bf65f6683e5c,1603,0.2857142984867096,False,initial then terminal state; terminal success only,SweepAwayEvaluator,
sim_sweep_away_paper_scraps_from_the_table,episode_019dfe97-f2ef-7352-94bc-a9e60c1df018,1005,0.2857142984867096,False,initial then terminal state; terminal success only,SweepAwayEvaluator,
sim_sweep_away_paper_scraps_from_the_table,episode_019df94d-3797-7da5-a67e-8156770c92a6,1921,0.5714285969734192,False,initial then terminal state; terminal success only,SweepAwayEvaluator,
sim_sweep_away_paper_scraps_from_the_table,episode_019df9a5-09f4-73be-9847-8737613fbf94,2086,0.5714285969734192,False,initial then terminal state; terminal success only,SweepAwayEvaluator,
sim_sweep_away_paper_scraps_from_the_table,episode_019dff09-3cb7-7acf-9d8a-b7dc2de88290,997,0.2857142984867096,False,initial then terminal state; terminal success only,SweepAwayEvaluator,
sim_sweep_away_paper_scraps_from_the_table,episode_019dfc41-e160-7b61-9ed5-c46197007888,1730,0.4285714328289032,False,initial then terminal state; terminal success only,SweepAwayEvaluator,
sim_sweep_away_paper_scraps_from_the_table,episode_019dfd3d-a349-7001-b572-d31b14d6031f,2440,0.5714285969734192,False,initial then terminal state; terminal success only,SweepAwayEvaluator,
sim_sweep_away_paper_scraps_from_the_table,episode_019dfd28-c524-7f23-9786-6cb59192f7f3,1699,0.2857142984867096,False,initial then terminal state; terminal success only,SweepAwayEvaluator,
sim_sweep_away_paper_scraps_from_the_table,episode_019dfdf3-3dcf-7c73-aa04-9dbd70cf6e30,1545,0.5714285969734192,False,initial then terminal state; terminal success only,SweepAwayEvaluator,
sim_sweep_away_paper_scraps_from_the_table,episode_019dfea2-d966-7ca8-af5d-88c851170c96,1406,0.5714285969734192,False,initial then terminal state; terminal success only,SweepAwayEvaluator,
sim_sweep_away_paper_scraps_from_the_table,episode_019dfca7-5a4b-77eb-a7f5-151a33a83466,1755,0.2857142984867096,False,initial then terminal state; terminal success only,SweepAwayEvaluator,
sim_sweep_away_paper_scraps_from_the_table,episode_019df94e-3243-723c-a7f6-69e9fd8893db,1505,0.2857142984867096,False,initial then terminal state; terminal success only,SweepAwayEvaluator,
sim_sweep_away_paper_scraps_from_the_table,episode_019df9ae-8f38-742b-ad66-177ff9b8043a,1258,0.4285714328289032,False,initial then terminal state; terminal success only,SweepAwayEvaluator,
sim_sweep_away_paper_scraps_from_the_table,episode_019ddc98-b40e-7e5a-9d1d-244c48a390f1,1655,0.2857142984867096,False,initial then terminal state; terminal success only,SweepAwayEvaluator,
sim_sweep_away_paper_scraps_from_the_table,episode_019df9e6-02b9-75fe-bf30-decb2b644c59,1393,0.4285714328289032,False,initial then terminal state; terminal success only,SweepAwayEvaluator,
sim_sweep_away_paper_scraps_from_the_table,episode_019ddd1d-3fbe-742f-9b07-fd7c43049a42,2143,0.5714285969734192,False,initial then terminal state; terminal success only,SweepAwayEvaluator,
sim_sweep_away_paper_scraps_from_the_table,episode_019dfc5d-405c-72b1-9000-68228dfce516,1650,0.2857142984867096,False,initial then terminal state; terminal success only,SweepAwayEvaluator,
sim_sweep_away_paper_scraps_from_the_table,episode_019dfd2b-b793-714a-a222-bc62f07775f0,1586,0.2857142984867096,False,initial then terminal state; terminal success only,SweepAwayEvaluator,
sim_sweep_away_paper_scraps_from_the_table,episode_019dfd17-3e4a-7be2-8ab0-a9e82b08ca24,1583,0.2857142984867096,False,initial then terminal state; terminal success only,SweepAwayEvaluator,
sim_sweep_away_paper_scraps_from_the_table,episode_019dfc8e-dd23-7573-a498-2f8d481e2398,1711,0.2857142984867096,False,initial then terminal state; terminal success only,SweepAwayEvaluator,
sim_sweep_away_paper_scraps_from_the_table,episode_019e0160-d02d-7ed3-9386-75c5de23455f,2525,0.5714285969734192,False,initial then terminal state; terminal success only,SweepAwayEvaluator,
sim_sweep_away_paper_scraps_from_the_table,episode_019dfa05-637d-78de-8122-7737c6b4ab94,1305,0.4285714328289032,False,initial then terminal state; terminal success only,SweepAwayEvaluator,
sim_sweep_away_paper_scraps_from_the_table,episode_019dfe27-3f99-75dd-9c9b-abd7341ebf40,1201,0.2857142984867096,False,initial then terminal state; terminal success only,SweepAwayEvaluator,
sim_sweep_away_paper_scraps_from_the_table,episode_019dfa04-731c-7d07-94dd-947c9cf2d13e,1727,0.5714285969734192,False,initial then terminal state; terminal success only,SweepAwayEvaluator,
sim_sweep_away_paper_scraps_from_the_table,episode_019ddcec-41da-744f-8095-9f2fa6d0556a,1611,0.2857142984867096,False,initial then terminal state; terminal success only,SweepAwayEvaluator,
sim_sweep_away_paper_scraps_from_the_table,episode_019dff43-ddec-708b-826e-5061ef67f45a,1086,0.4285714328289032,False,initial then terminal state; terminal success only,SweepAwayEvaluator,
sim_sweep_away_paper_scraps_from_the_table,episode_019ddc53-4e18-7f94-ab50-72e777c5b193,1578,0.2857142984867096,False,initial then terminal state; terminal success only,SweepAwayEvaluator,
sim_sweep_away_paper_scraps_from_the_table,episode_019dfca5-64d9-710e-bc5e-542a2e7ec1b0,1827,0.4285714328289032,False,initial then terminal state; terminal success only,SweepAwayEvaluator,
sim_sweep_away_paper_scraps_from_the_table,episode_019e011f-6250-774c-83fa-859137e42af1,2157,0.2857142984867096,False,initial then terminal state; terminal success only,SweepAwayEvaluator,
sim_sweep_away_paper_scraps_from_the_table,episode_019ddc6f-c341-7450-9b13-e84d3911af12,1592,0.4285714328289032,False,initial then terminal state; terminal success only,SweepAwayEvaluator,
sim_sweep_away_paper_scraps_from_the_table,episode_019e014e-95fd-797e-8662-5ced6e8c89d2,2609,0.5714285969734192,False,initial then terminal state; terminal success only,SweepAwayEvaluator,
sim_sweep_away_paper_scraps_from_the_table,episode_019dfef6-674a-72b3-a996-a62382297f2f,1433,0.5714285969734192,False,initial then terminal state; terminal success only,SweepAwayEvaluator,
sim_sweep_away_paper_scraps_from_the_table,episode_019dfd06-77cc-72ba-884e-01949f5dd370,1559,0.2857142984867096,False,initial then terminal state; terminal success only,SweepAwayEvaluator,
sim_sweep_away_paper_scraps_from_the_table,episode_019dfc5e-6f24-7987-aeed-b316ffe8657a,2207,0.5714285969734192,False,initial then terminal state; terminal success only,SweepAwayEvaluator,
sim_sweep_away_paper_scraps_from_the_table,episode_019dfc48-2477-7294-a21b-5e78d4ce3b5d,1849,0.5714285969734192,False,initial then terminal state; terminal success only,SweepAwayEvaluator,
sim_sweep_away_paper_scraps_from_the_table,episode_019dfe06-ccc8-76d8-a5f0-14be6ff169a7,1194,0.2857142984867096,False,initial then terminal state; terminal success only,SweepAwayEvaluator,
