branch_percent,arm_condition,method,threshold,auroc,balanced_accuracy,accuracy,recall_success,recall_incomplete,tn,fp,fn,tp,within_source_auroc
50,original,DINOv2,0.8599722981452942,1.0,1.0,1.0,1.0,1.0,8,0,0,4,1.0
50,original,DT,-8.942145824432373,1.0,0.9375,0.9166666666666666,1.0,0.875,7,1,0,4,1.0
50,original,Elapsed time,34.43333333333334,0.5,0.5,0.6666666666666666,0.0,1.0,8,0,4,0,0.5
50,original,S1,-3.272519528865814,1.0,1.0,1.0,1.0,1.0,8,0,0,4,1.0
50,original,S3,-3.2162272334098816,1.0,1.0,1.0,1.0,1.0,8,0,0,4,1.0
50,original,S5,-3.123962104320526,1.0,1.0,1.0,1.0,1.0,8,0,0,4,1.0
50,original,DT + S1,0.448230025164487,1.0,1.0,1.0,1.0,1.0,8,0,0,4,1.0
50,original,DT + S3,0.4499065998983014,1.0,1.0,1.0,1.0,1.0,8,0,0,4,1.0
50,original,DT + S5,0.4502469361783752,1.0,1.0,1.0,1.0,1.0,8,0,0,4,1.0
50,original,Always successful,0.5,0.5,0.5,0.3333333333333333,1.0,0.0,0,8,0,4,0.5
50,original,Robometer progress,,0.21875,,,,,,,,,0.125
50,original,Robometer success,0.5,0.40625,0.5,0.6666666666666666,0.0,1.0,8,0,4,0,0.375
50,parked,DINOv2,0.8599722981452942,1.0,0.5,0.3333333333333333,1.0,0.0,0,8,0,4,1.0
50,parked,DT,-8.942145824432373,1.0,0.5,0.3333333333333333,1.0,0.0,0,8,0,4,1.0
50,parked,Elapsed time,34.43333333333334,0.5,0.5,0.4166666666666667,0.75,0.25,2,6,1,3,0.5
50,parked,S1,-3.272519528865814,0.96875,0.5,0.3333333333333333,1.0,0.0,0,8,0,4,1.0
50,parked,S3,-3.2162272334098816,0.96875,0.5,0.3333333333333333,1.0,0.0,0,8,0,4,1.0
50,parked,S5,-3.123962104320526,1.0,0.5,0.3333333333333333,1.0,0.0,0,8,0,4,1.0
50,parked,DT + S1,0.448230025164487,1.0,0.5,0.3333333333333333,1.0,0.0,0,8,0,4,1.0
50,parked,DT + S3,0.4499065998983014,1.0,0.5,0.3333333333333333,1.0,0.0,0,8,0,4,1.0
50,parked,DT + S5,0.4502469361783752,1.0,0.5,0.3333333333333333,1.0,0.0,0,8,0,4,1.0
50,parked,Always successful,0.5,0.5,0.5,0.3333333333333333,1.0,0.0,0,8,0,4,0.5
50,parked,Robometer progress,,0.8125,,,,,,,,,0.875
50,parked,Robometer success,0.5,0.8125,0.5,0.6666666666666666,0.0,1.0,8,0,4,0,0.75
70,original,DINOv2,0.8599722981452942,1.0,0.9,0.9166666666666666,0.8,1.0,7,0,1,4,1.0
70,original,DT,-8.942145824432373,0.9714285714285714,0.9285714285714286,0.9166666666666666,1.0,0.8571428571428571,6,1,0,5,0.875
70,original,Elapsed time,34.43333333333334,0.37142857142857144,0.5,0.5833333333333334,0.0,1.0,7,0,5,0,0.5
70,original,S1,-3.272519528865814,0.9714285714285714,0.9,0.9166666666666666,0.8,1.0,7,0,1,4,1.0
70,original,S3,-3.2162272334098816,0.9714285714285714,0.9,0.9166666666666666,0.8,1.0,7,0,1,4,1.0
70,original,S5,-3.123962104320526,0.9428571428571428,0.9,0.9166666666666666,0.8,1.0,7,0,1,4,1.0
70,original,DT + S1,0.448230025164487,1.0,0.9,0.9166666666666666,0.8,1.0,7,0,1,4,1.0
70,original,DT + S3,0.4499065998983014,1.0,0.9,0.9166666666666666,0.8,1.0,7,0,1,4,1.0
70,original,DT + S5,0.4502469361783752,0.9714285714285714,0.9,0.9166666666666666,0.8,1.0,7,0,1,4,1.0
70,original,Always successful,0.5,0.5,0.5,0.4166666666666667,1.0,0.0,0,7,0,5,0.5
70,original,Robometer progress,,0.5428571428571428,,,,,,,,,0.5
70,original,Robometer success,0.5,0.8285714285714286,0.5,0.5833333333333334,0.0,1.0,7,0,5,0,0.875
70,parked,DINOv2,0.8599722981452942,0.9444444444444444,0.5,0.5,1.0,0.0,0,6,0,6,0.875
70,parked,DT,-8.942145824432373,0.6111111111111112,0.5,0.5,1.0,0.0,0,6,0,6,0.875
70,parked,Elapsed time,34.43333333333334,0.4166666666666667,0.41666666666666663,0.4166666666666667,0.6666666666666666,0.16666666666666666,1,5,2,4,0.5
70,parked,S1,-3.272519528865814,1.0,0.5,0.5,1.0,0.0,0,6,0,6,1.0
70,parked,S3,-3.2162272334098816,0.9722222222222222,0.5,0.5,1.0,0.0,0,6,0,6,1.0
70,parked,S5,-3.123962104320526,1.0,0.5,0.5,1.0,0.0,0,6,0,6,1.0
70,parked,DT + S1,0.448230025164487,0.8611111111111112,0.5,0.5,1.0,0.0,0,6,0,6,0.875
70,parked,DT + S3,0.4499065998983014,0.8611111111111112,0.5,0.5,1.0,0.0,0,6,0,6,0.875
70,parked,DT + S5,0.4502469361783752,0.8611111111111112,0.5,0.5,1.0,0.0,0,6,0,6,0.875
70,parked,Always successful,0.5,0.5,0.5,0.5,1.0,0.0,0,6,0,6,0.5
70,parked,Robometer progress,,0.6388888888888888,,,,,,,,,0.875
70,parked,Robometer success,0.5,0.7222222222222222,0.5,0.5,0.0,1.0,6,0,6,0,0.75
90,original,DINOv2,0.8599722981452942,,,0.3333333333333333,0.3333333333333333,,0,0,8,4,
90,original,DT,-8.942145824432373,,,0.9166666666666666,0.9166666666666666,,0,0,1,11,
90,original,Elapsed time,34.43333333333334,,,0.0,0.0,,0,0,12,0,
90,original,S1,-3.272519528865814,,,0.3333333333333333,0.3333333333333333,,0,0,8,4,
90,original,S3,-3.2162272334098816,,,0.3333333333333333,0.3333333333333333,,0,0,8,4,
90,original,S5,-3.123962104320526,,,0.3333333333333333,0.3333333333333333,,0,0,8,4,
90,original,DT + S1,0.448230025164487,,,0.3333333333333333,0.3333333333333333,,0,0,8,4,
90,original,DT + S3,0.4499065998983014,,,0.3333333333333333,0.3333333333333333,,0,0,8,4,
90,original,DT + S5,0.4502469361783752,,,0.3333333333333333,0.3333333333333333,,0,0,8,4,
90,original,Always successful,0.5,,,1.0,1.0,,0,0,0,12,
90,original,Robometer progress,,,,,,,,,,,
90,original,Robometer success,0.5,,,0.08333333333333333,0.08333333333333333,,0,0,11,1,
90,parked,DINOv2,0.8599722981452942,,,1.0,1.0,,0,0,0,12,
90,parked,DT,-8.942145824432373,,,1.0,1.0,,0,0,0,12,
90,parked,Elapsed time,34.43333333333334,,,0.75,0.75,,0,0,3,9,
90,parked,S1,-3.272519528865814,,,1.0,1.0,,0,0,0,12,
90,parked,S3,-3.2162272334098816,,,1.0,1.0,,0,0,0,12,
90,parked,S5,-3.123962104320526,,,1.0,1.0,,0,0,0,12,
90,parked,DT + S1,0.448230025164487,,,1.0,1.0,,0,0,0,12,
90,parked,DT + S3,0.4499065998983014,,,1.0,1.0,,0,0,0,12,
90,parked,DT + S5,0.4502469361783752,,,1.0,1.0,,0,0,0,12,
90,parked,Always successful,0.5,,,1.0,1.0,,0,0,0,12,
90,parked,Robometer progress,,,,,,,,,,,
90,parked,Robometer success,0.5,,,0.0,0.0,,0,0,12,0,
