condition,method,n,tp,tn,fp,fn,balanced_accuracy,recall_success,false_success_rate,auroc,threshold,task_macro_auroc,quality_triplet_tau_a
independent,DT,30,0,24,0,6,0.5,0.0,0.0,0.4791666666666667,-2.5452057123184204,0.5,0.13888888888888887
independent,S1,30,0,24,0,6,0.5,0.0,0.0,0.6319444444444444,-0.5066859424114227,0.75,0.47222222222222227
independent,S3,30,0,24,0,6,0.5,0.0,0.0,0.6805555555555556,-0.9412818551063538,0.7916666666666666,0.5
independent,S5,30,0,24,0,6,0.5,0.0,0.0,0.6666666666666666,-0.9232172966003418,0.75,0.47222222222222215
independent,DT + S1,30,0,24,0,6,0.5,0.0,0.0,0.5208333333333334,0.8108203664910005,0.5833333333333334,0.25
independent,DT + S3,30,0,24,0,6,0.5,0.0,0.0,0.5208333333333334,0.8312043180462529,0.5833333333333334,0.27777777777777773
independent,DT + S5,30,0,24,0,6,0.5,0.0,0.0,0.5138888888888888,0.8259148154116056,0.5833333333333334,0.27777777777777773
independent,DINOv2,30,0,24,0,6,0.5,0.0,0.0,0.7222222222222222,0.976689487695694,0.7916666666666666,0.38888888888888884
independent,Robometer progress,30,6,23,1,0,0.9791666666666666,1.0,0.041666666666666664,0.9930555555555556,0.8289660811424255,1.0,0.7222222222222222
independent,Robometer success,30,6,4,20,0,0.5833333333333333,1.0,0.8333333333333334,0.9652777777777778,0.03167480044066906,1.0,0.7222222222222222
approximate_start_match,DT,30,0,24,0,6,0.5,0.0,0.0,0.5069444444444444,-2.5452057123184204,0.4583333333333333,0.08333333333333333
approximate_start_match,S1,30,0,24,0,6,0.5,0.0,0.0,0.6666666666666666,-0.5066859424114227,0.7916666666666666,0.5555555555555555
approximate_start_match,S3,30,0,24,0,6,0.5,0.0,0.0,0.7083333333333334,-0.9412818551063538,0.8333333333333334,0.6111111111111112
approximate_start_match,S5,30,0,24,0,6,0.5,0.0,0.0,0.7013888888888888,-0.9232172966003418,0.8333333333333334,0.638888888888889
approximate_start_match,DT + S1,30,0,24,0,6,0.5,0.0,0.0,0.5208333333333334,0.8108203664910005,0.5,0.19444444444444442
approximate_start_match,DT + S3,30,0,24,0,6,0.5,0.0,0.0,0.5138888888888888,0.8312043180462529,0.5416666666666666,0.25
approximate_start_match,DT + S5,30,0,24,0,6,0.5,0.0,0.0,0.5208333333333334,0.8259148154116056,0.5416666666666666,0.25
approximate_start_match,DINOv2,30,0,24,0,6,0.5,0.0,0.0,0.7638888888888888,0.976689487695694,0.8333333333333334,0.4444444444444444
approximate_start_match,Robometer progress,30,6,23,1,0,0.9791666666666666,1.0,0.041666666666666664,0.9930555555555556,0.8289660811424255,1.0,0.7222222222222222
approximate_start_match,Robometer success,30,6,4,20,0,0.5833333333333333,1.0,0.8333333333333334,0.9652777777777778,0.03167480044066906,1.0,0.7222222222222222
