episode_id,dataset,method,temperature,view,voc,undefined
bfe3503fc247305147fe,MIT Franka,rgb,0.0,endpoint included,0.8869565217391304,False
bfe3503fc247305147fe,MIT Franka,rgb,0.3,endpoint included,0.9038223670832232,False
bfe3503fc247305147fe,MIT Franka,rgb,0.5,endpoint included,0.9127913941353912,False
bfe3503fc247305147fe,MIT Franka,rgb,0.7,endpoint included,0.9202237374135082,False
bfe3503fc247305147fe,MIT Franka,rgb,1.0,endpoint included,0.9117532502775585,False
bfe3503fc247305147fe,MIT Franka,rgb+rgblh,0.0,endpoint included,0.8790555002809425,False
bfe3503fc247305147fe,MIT Franka,rgb+rgblh,0.3,endpoint included,0.9038277099880108,False
bfe3503fc247305147fe,MIT Franka,rgb+rgblh,0.5,endpoint included,0.9111842330685866,False
bfe3503fc247305147fe,MIT Franka,rgb+rgblh,0.7,endpoint included,0.9159453809368113,False
bfe3503fc247305147fe,MIT Franka,rgb+rgblh,1.0,endpoint included,0.9102780203356255,False
bfe3503fc247305147fe,MIT Franka,rgb,0.0,endpoint excluded,0.9173460685716214,False
bfe3503fc247305147fe,MIT Franka,rgb,0.3,endpoint excluded,0.9314268418245846,False
bfe3503fc247305147fe,MIT Franka,rgb,0.5,endpoint excluded,0.9347283190283162,False
bfe3503fc247305147fe,MIT Franka,rgb,0.7,endpoint excluded,0.937127195524084,False
bfe3503fc247305147fe,MIT Franka,rgb,1.0,endpoint excluded,0.928209424708982,False
bfe3503fc247305147fe,MIT Franka,rgb+rgblh,0.0,endpoint excluded,0.9239819884588911,False
bfe3503fc247305147fe,MIT Franka,rgb+rgblh,0.3,endpoint excluded,0.9410856110767476,False
bfe3503fc247305147fe,MIT Franka,rgb+rgblh,0.5,endpoint excluded,0.9461691135194623,False
bfe3503fc247305147fe,MIT Franka,rgb+rgblh,0.7,endpoint excluded,0.9499034884388241,False
bfe3503fc247305147fe,MIT Franka,rgb+rgblh,1.0,endpoint excluded,0.9471899898536535,False
fccadd3af1339ebdcd05,MIT Franka,rgb,0.0,endpoint included,0.9437923752706672,False
fccadd3af1339ebdcd05,MIT Franka,rgb,0.3,endpoint included,0.9745572979051519,False
fccadd3af1339ebdcd05,MIT Franka,rgb,0.5,endpoint included,0.9763382435018886,False
fccadd3af1339ebdcd05,MIT Franka,rgb,0.7,endpoint included,0.9761325083582464,False
fccadd3af1339ebdcd05,MIT Franka,rgb,1.0,endpoint included,0.9685152078200175,False
fccadd3af1339ebdcd05,MIT Franka,rgb+rgblh,0.0,endpoint included,0.9357142857142855,False
fccadd3af1339ebdcd05,MIT Franka,rgb+rgblh,0.3,endpoint included,0.9680258434432988,False
fccadd3af1339ebdcd05,MIT Franka,rgb+rgblh,0.5,endpoint included,0.9698077619982554,False
fccadd3af1339ebdcd05,MIT Franka,rgb+rgblh,0.7,endpoint included,0.9708535076610412,False
fccadd3af1339ebdcd05,MIT Franka,rgb+rgblh,1.0,endpoint included,0.9692270288313989,False
fccadd3af1339ebdcd05,MIT Franka,rgb,0.0,endpoint excluded,0.9188225517926376,False
fccadd3af1339ebdcd05,MIT Franka,rgb,0.3,endpoint excluded,0.997722506559245,False
fccadd3af1339ebdcd05,MIT Franka,rgb,0.5,endpoint excluded,0.9965406742255588,False
fccadd3af1339ebdcd05,MIT Franka,rgb,0.7,endpoint excluded,0.9930438311219573,False
fccadd3af1339ebdcd05,MIT Franka,rgb,1.0,endpoint excluded,0.9868038817638927,False
fccadd3af1339ebdcd05,MIT Franka,rgb+rgblh,0.0,endpoint excluded,0.9139672966448082,False
fccadd3af1339ebdcd05,MIT Franka,rgb+rgblh,0.3,endpoint excluded,0.9892814331150659,False
fccadd3af1339ebdcd05,MIT Franka,rgb+rgblh,0.5,endpoint excluded,0.9917300460053265,False
fccadd3af1339ebdcd05,MIT Franka,rgb+rgblh,0.7,endpoint excluded,0.9918862448479309,False
fccadd3af1339ebdcd05,MIT Franka,rgb+rgblh,1.0,endpoint excluded,0.9922044258163326,False
dcb220b185cc5ead1be1,MIT Franka,rgb,0.0,endpoint included,0.991139010482242,False
dcb220b185cc5ead1be1,MIT Franka,rgb,0.3,endpoint included,0.9881522984183022,False
dcb220b185cc5ead1be1,MIT Franka,rgb,0.5,endpoint included,0.9884346851794835,False
dcb220b185cc5ead1be1,MIT Franka,rgb,0.7,endpoint included,0.9861842009582943,False
dcb220b185cc5ead1be1,MIT Franka,rgb,1.0,endpoint included,0.9775457870401879,False
dcb220b185cc5ead1be1,MIT Franka,rgb+rgblh,0.0,endpoint included,0.9687525802918542,False
dcb220b185cc5ead1be1,MIT Franka,rgb+rgblh,0.3,endpoint included,0.9902311281120579,False
dcb220b185cc5ead1be1,MIT Franka,rgb+rgblh,0.5,endpoint included,0.9900446965388761,False
dcb220b185cc5ead1be1,MIT Franka,rgb+rgblh,0.7,endpoint included,0.9893738939071091,False
dcb220b185cc5ead1be1,MIT Franka,rgb+rgblh,1.0,endpoint included,0.9843094637982555,False
dcb220b185cc5ead1be1,MIT Franka,rgb,0.0,endpoint excluded,0.9805651942360974,False
dcb220b185cc5ead1be1,MIT Franka,rgb,0.3,endpoint excluded,0.9748834805812434,False
dcb220b185cc5ead1be1,MIT Franka,rgb,0.5,endpoint excluded,0.9733646786291548,False
dcb220b185cc5ead1be1,MIT Franka,rgb,0.7,endpoint excluded,0.9704657846011866,False
dcb220b185cc5ead1be1,MIT Franka,rgb,1.0,endpoint excluded,0.955516784091557,False
dcb220b185cc5ead1be1,MIT Franka,rgb+rgblh,0.0,endpoint excluded,0.9834538377624662,False
dcb220b185cc5ead1be1,MIT Franka,rgb+rgblh,0.3,endpoint excluded,0.9895395217090721,False
dcb220b185cc5ead1be1,MIT Franka,rgb+rgblh,0.5,endpoint excluded,0.984264062377303,False
dcb220b185cc5ead1be1,MIT Franka,rgb+rgblh,0.7,endpoint excluded,0.9791052812549328,False
dcb220b185cc5ead1be1,MIT Franka,rgb+rgblh,1.0,endpoint excluded,0.9651434702720609,False
fa7eb41521e110479178,MIT Franka,rgb,0.0,endpoint included,0.9575337670456743,False
fa7eb41521e110479178,MIT Franka,rgb,0.3,endpoint included,0.9832877870488683,False
fa7eb41521e110479178,MIT Franka,rgb,0.5,endpoint included,0.9814547845215223,False
fa7eb41521e110479178,MIT Franka,rgb,0.7,endpoint included,0.9799175565872278,False
fa7eb41521e110479178,MIT Franka,rgb,1.0,endpoint included,0.9741678108294893,False
fa7eb41521e110479178,MIT Franka,rgb+rgblh,0.0,endpoint included,0.8892944363902174,False
fa7eb41521e110479178,MIT Franka,rgb+rgblh,0.3,endpoint included,0.9735070688694583,False
fa7eb41521e110479178,MIT Franka,rgb+rgblh,0.5,endpoint included,0.979469692810316,False
fa7eb41521e110479178,MIT Franka,rgb+rgblh,0.7,endpoint included,0.9823433569763189,False
fa7eb41521e110479178,MIT Franka,rgb+rgblh,1.0,endpoint included,0.9806723648520259,False
fa7eb41521e110479178,MIT Franka,rgb,0.0,endpoint excluded,0.9824060734348569,False
fa7eb41521e110479178,MIT Franka,rgb,0.3,endpoint excluded,0.9898833397493907,False
fa7eb41521e110479178,MIT Franka,rgb,0.5,endpoint excluded,0.9800309458809365,False
fa7eb41521e110479178,MIT Franka,rgb,0.7,endpoint excluded,0.974563367180376,False
fa7eb41521e110479178,MIT Franka,rgb,1.0,endpoint excluded,0.9705366960064394,False
fa7eb41521e110479178,MIT Franka,rgb+rgblh,0.0,endpoint excluded,0.7886269005191648,False
fa7eb41521e110479178,MIT Franka,rgb+rgblh,0.3,endpoint excluded,0.963108851503188,False
fa7eb41521e110479178,MIT Franka,rgb+rgblh,0.5,endpoint excluded,0.9727941908121256,False
fa7eb41521e110479178,MIT Franka,rgb+rgblh,0.7,endpoint excluded,0.9771455213484179,False
fa7eb41521e110479178,MIT Franka,rgb+rgblh,1.0,endpoint excluded,0.9801742133750528,False
4ab108ea18e86fd1fc4e,MIT Franka,rgb,0.0,endpoint included,0.9545242295795162,False
4ab108ea18e86fd1fc4e,MIT Franka,rgb,0.3,endpoint included,0.9799726772334831,False
4ab108ea18e86fd1fc4e,MIT Franka,rgb,0.5,endpoint included,0.9867621944087277,False
4ab108ea18e86fd1fc4e,MIT Franka,rgb,0.7,endpoint included,0.990565988539395,False
4ab108ea18e86fd1fc4e,MIT Franka,rgb,1.0,endpoint included,0.989699151107361,False
4ab108ea18e86fd1fc4e,MIT Franka,rgb+rgblh,0.0,endpoint included,0.8917926427410461,False
4ab108ea18e86fd1fc4e,MIT Franka,rgb+rgblh,0.3,endpoint included,0.9719937481887975,False
4ab108ea18e86fd1fc4e,MIT Franka,rgb+rgblh,0.5,endpoint included,0.9813675426302513,False
4ab108ea18e86fd1fc4e,MIT Franka,rgb+rgblh,0.7,endpoint included,0.986291832195956,False
4ab108ea18e86fd1fc4e,MIT Franka,rgb+rgblh,1.0,endpoint included,0.9907344496794732,False
4ab108ea18e86fd1fc4e,MIT Franka,rgb,0.0,endpoint excluded,0.9575725875081895,False
4ab108ea18e86fd1fc4e,MIT Franka,rgb,0.3,endpoint excluded,0.9832008754926591,False
4ab108ea18e86fd1fc4e,MIT Franka,rgb,0.5,endpoint excluded,0.9898294308002458,False
4ab108ea18e86fd1fc4e,MIT Franka,rgb,0.7,endpoint excluded,0.9935627727183585,False
4ab108ea18e86fd1fc4e,MIT Franka,rgb,1.0,endpoint excluded,0.9950800414620987,False
4ab108ea18e86fd1fc4e,MIT Franka,rgb+rgblh,0.0,endpoint excluded,0.8392740627357386,False
4ab108ea18e86fd1fc4e,MIT Franka,rgb+rgblh,0.3,endpoint excluded,0.9465616266259216,False
4ab108ea18e86fd1fc4e,MIT Franka,rgb+rgblh,0.5,endpoint excluded,0.962532009151193,False
4ab108ea18e86fd1fc4e,MIT Franka,rgb+rgblh,0.7,endpoint excluded,0.9725125006007247,False
4ab108ea18e86fd1fc4e,MIT Franka,rgb+rgblh,1.0,endpoint excluded,0.9795707143019003,False
89e2f519c429fab670d5,MIT Franka,rgb,0.0,endpoint included,0.9024152756155459,False
89e2f519c429fab670d5,MIT Franka,rgb,0.3,endpoint included,0.9706233012796683,False
89e2f519c429fab670d5,MIT Franka,rgb,0.5,endpoint included,0.9696502566972873,False
89e2f519c429fab670d5,MIT Franka,rgb,0.7,endpoint included,0.9679851709860132,False
89e2f519c429fab670d5,MIT Franka,rgb,1.0,endpoint included,0.965595254041597,False
89e2f519c429fab670d5,MIT Franka,rgb+rgblh,0.0,endpoint included,0.9717233707420592,False
89e2f519c429fab670d5,MIT Franka,rgb+rgblh,0.3,endpoint included,0.979465656949139,False
89e2f519c429fab670d5,MIT Franka,rgb+rgblh,0.5,endpoint included,0.9824011743119268,False
89e2f519c429fab670d5,MIT Franka,rgb+rgblh,0.7,endpoint included,0.9842231234718903,False
89e2f519c429fab670d5,MIT Franka,rgb+rgblh,1.0,endpoint included,0.9816812026417688,False
89e2f519c429fab670d5,MIT Franka,rgb,0.0,endpoint excluded,0.7751543219949097,False
89e2f519c429fab670d5,MIT Franka,rgb,0.3,endpoint excluded,0.9400015669611035,False
89e2f519c429fab670d5,MIT Franka,rgb,0.5,endpoint excluded,0.9437086525648803,False
89e2f519c429fab670d5,MIT Franka,rgb,0.7,endpoint excluded,0.9442318322558316,False
89e2f519c429fab670d5,MIT Franka,rgb,1.0,endpoint excluded,0.937151531258102,False
89e2f519c429fab670d5,MIT Franka,rgb+rgblh,0.0,endpoint excluded,0.9631617806374044,False
89e2f519c429fab670d5,MIT Franka,rgb+rgblh,0.3,endpoint excluded,0.9702897026435384,False
89e2f519c429fab670d5,MIT Franka,rgb+rgblh,0.5,endpoint excluded,0.9752129971791703,False
89e2f519c429fab670d5,MIT Franka,rgb+rgblh,0.7,endpoint excluded,0.9784916681785301,False
89e2f519c429fab670d5,MIT Franka,rgb+rgblh,1.0,endpoint excluded,0.9821711860895836,False
d32b6a2ef83db85aefd2,UTD SO101,rgb,0.0,endpoint included,0.9556611134271469,False
d32b6a2ef83db85aefd2,UTD SO101,rgb,0.3,endpoint included,0.9392445978550286,False
d32b6a2ef83db85aefd2,UTD SO101,rgb,0.5,endpoint included,0.9379785450264786,False
d32b6a2ef83db85aefd2,UTD SO101,rgb,0.7,endpoint included,0.936133308277219,False
d32b6a2ef83db85aefd2,UTD SO101,rgb,1.0,endpoint included,0.9220998378426191,False
d32b6a2ef83db85aefd2,UTD SO101,rgb+rgblh,0.0,endpoint included,0.9128430718405789,False
d32b6a2ef83db85aefd2,UTD SO101,rgb+rgblh,0.3,endpoint included,0.9369445098976952,False
d32b6a2ef83db85aefd2,UTD SO101,rgb+rgblh,0.5,endpoint included,0.9359811186118008,False
d32b6a2ef83db85aefd2,UTD SO101,rgb+rgblh,0.7,endpoint included,0.9342914890648117,False
d32b6a2ef83db85aefd2,UTD SO101,rgb+rgblh,1.0,endpoint included,0.9225561437926433,False
d32b6a2ef83db85aefd2,UTD SO101,rgb,0.0,endpoint excluded,0.9496042317926183,False
d32b6a2ef83db85aefd2,UTD SO101,rgb,0.3,endpoint excluded,0.9355678944180046,False
d32b6a2ef83db85aefd2,UTD SO101,rgb,0.5,endpoint excluded,0.9302722292202623,False
d32b6a2ef83db85aefd2,UTD SO101,rgb,0.7,endpoint excluded,0.9267331639657832,False
d32b6a2ef83db85aefd2,UTD SO101,rgb,1.0,endpoint excluded,0.9192410030408988,False
d32b6a2ef83db85aefd2,UTD SO101,rgb+rgblh,0.0,endpoint excluded,0.9066200187087723,False
d32b6a2ef83db85aefd2,UTD SO101,rgb+rgblh,0.3,endpoint excluded,0.9483553936578875,False
d32b6a2ef83db85aefd2,UTD SO101,rgb+rgblh,0.5,endpoint excluded,0.9453616834346167,False
d32b6a2ef83db85aefd2,UTD SO101,rgb+rgblh,0.7,endpoint excluded,0.9411148477403801,False
d32b6a2ef83db85aefd2,UTD SO101,rgb+rgblh,1.0,endpoint excluded,0.929832622920353,False
2ca5fc0da88c83fe3045,UTD SO101,rgb,0.0,endpoint included,0.9657773535343985,False
2ca5fc0da88c83fe3045,UTD SO101,rgb,0.3,endpoint included,0.939600201373548,False
2ca5fc0da88c83fe3045,UTD SO101,rgb,0.5,endpoint included,0.9543937840814745,False
2ca5fc0da88c83fe3045,UTD SO101,rgb,0.7,endpoint included,0.962405144873444,False
2ca5fc0da88c83fe3045,UTD SO101,rgb,1.0,endpoint included,0.9646361125809305,False
2ca5fc0da88c83fe3045,UTD SO101,rgb+rgblh,0.0,endpoint included,0.8230353761429255,False
2ca5fc0da88c83fe3045,UTD SO101,rgb+rgblh,0.3,endpoint included,0.8520100085888174,False
2ca5fc0da88c83fe3045,UTD SO101,rgb+rgblh,0.5,endpoint included,0.8663336155428796,False
2ca5fc0da88c83fe3045,UTD SO101,rgb+rgblh,0.7,endpoint included,0.877035924636869,False
2ca5fc0da88c83fe3045,UTD SO101,rgb+rgblh,1.0,endpoint included,0.8774079684403713,False
2ca5fc0da88c83fe3045,UTD SO101,rgb,0.0,endpoint excluded,0.9344514582068895,False
2ca5fc0da88c83fe3045,UTD SO101,rgb,0.3,endpoint excluded,0.8995752080769273,False
2ca5fc0da88c83fe3045,UTD SO101,rgb,0.5,endpoint excluded,0.9196933519186918,False
2ca5fc0da88c83fe3045,UTD SO101,rgb,0.7,endpoint excluded,0.9309424748387444,False
2ca5fc0da88c83fe3045,UTD SO101,rgb,1.0,endpoint excluded,0.9367873812602605,False
2ca5fc0da88c83fe3045,UTD SO101,rgb+rgblh,0.0,endpoint excluded,0.7784745486273036,False
2ca5fc0da88c83fe3045,UTD SO101,rgb+rgblh,0.3,endpoint excluded,0.7955737261680462,False
2ca5fc0da88c83fe3045,UTD SO101,rgb+rgblh,0.5,endpoint excluded,0.8082006274924944,False
2ca5fc0da88c83fe3045,UTD SO101,rgb+rgblh,0.7,endpoint excluded,0.8189814720115463,False
2ca5fc0da88c83fe3045,UTD SO101,rgb+rgblh,1.0,endpoint excluded,0.826919439679896,False
71c3ff7896d0a7c33d5f,UTD SO101,rgb,0.0,endpoint included,0.9860781631381141,False
71c3ff7896d0a7c33d5f,UTD SO101,rgb,0.3,endpoint included,0.9857897927767779,False
71c3ff7896d0a7c33d5f,UTD SO101,rgb,0.5,endpoint included,0.9813362510446156,False
71c3ff7896d0a7c33d5f,UTD SO101,rgb,0.7,endpoint included,0.9767425156240253,False
71c3ff7896d0a7c33d5f,UTD SO101,rgb,1.0,endpoint included,0.9651317765001121,False
71c3ff7896d0a7c33d5f,UTD SO101,rgb+rgblh,0.0,endpoint included,0.9733154600603589,False
71c3ff7896d0a7c33d5f,UTD SO101,rgb+rgblh,0.3,endpoint included,0.9957497959313997,False
71c3ff7896d0a7c33d5f,UTD SO101,rgb+rgblh,0.5,endpoint included,0.9948605754638032,False
71c3ff7896d0a7c33d5f,UTD SO101,rgb+rgblh,0.7,endpoint included,0.994144262698928,False
71c3ff7896d0a7c33d5f,UTD SO101,rgb+rgblh,1.0,endpoint included,0.9954235981644768,False
71c3ff7896d0a7c33d5f,UTD SO101,rgb,0.0,endpoint excluded,0.9949538529077978,False
71c3ff7896d0a7c33d5f,UTD SO101,rgb,0.3,endpoint excluded,0.9771851782994605,False
71c3ff7896d0a7c33d5f,UTD SO101,rgb,0.5,endpoint excluded,0.9655935804501332,False
71c3ff7896d0a7c33d5f,UTD SO101,rgb,0.7,endpoint excluded,0.954583197426002,False
71c3ff7896d0a7c33d5f,UTD SO101,rgb,1.0,endpoint excluded,0.9316019911097291,False
71c3ff7896d0a7c33d5f,UTD SO101,rgb+rgblh,0.0,endpoint excluded,0.9819352782235702,False
71c3ff7896d0a7c33d5f,UTD SO101,rgb+rgblh,0.3,endpoint excluded,0.9958114334350232,False
71c3ff7896d0a7c33d5f,UTD SO101,rgb+rgblh,0.5,endpoint excluded,0.9917533445132267,False
71c3ff7896d0a7c33d5f,UTD SO101,rgb+rgblh,0.7,endpoint excluded,0.9892143005565563,False
71c3ff7896d0a7c33d5f,UTD SO101,rgb+rgblh,1.0,endpoint excluded,0.9924959966722633,False
2d54a0612535c86396c7,UTD SO101,rgb,0.0,endpoint included,0.8399524650676613,False
2d54a0612535c86396c7,UTD SO101,rgb,0.3,endpoint included,0.9432589007680001,False
2d54a0612535c86396c7,UTD SO101,rgb,0.5,endpoint included,0.9436551619530333,False
2d54a0612535c86396c7,UTD SO101,rgb,0.7,endpoint included,0.9431776434553734,False
2d54a0612535c86396c7,UTD SO101,rgb,1.0,endpoint included,0.9398580724820511,False
2d54a0612535c86396c7,UTD SO101,rgb+rgblh,0.0,endpoint included,0.8974109073013693,False
2d54a0612535c86396c7,UTD SO101,rgb+rgblh,0.3,endpoint included,0.9655520754524471,False
2d54a0612535c86396c7,UTD SO101,rgb+rgblh,0.5,endpoint included,0.9637123652080728,False
2d54a0612535c86396c7,UTD SO101,rgb+rgblh,0.7,endpoint included,0.9623204911896734,False
2d54a0612535c86396c7,UTD SO101,rgb+rgblh,1.0,endpoint included,0.9633226970571447,False
2d54a0612535c86396c7,UTD SO101,rgb,0.0,endpoint excluded,0.7035129095749973,False
2d54a0612535c86396c7,UTD SO101,rgb,0.3,endpoint excluded,0.8901502208375011,False
2d54a0612535c86396c7,UTD SO101,rgb,0.5,endpoint excluded,0.8874445280706984,False
2d54a0612535c86396c7,UTD SO101,rgb,0.7,endpoint excluded,0.8848636254223574,False
2d54a0612535c86396c7,UTD SO101,rgb,1.0,endpoint excluded,0.8820024738640557,False
2d54a0612535c86396c7,UTD SO101,rgb+rgblh,0.0,endpoint excluded,0.8073355148937866,False
2d54a0612535c86396c7,UTD SO101,rgb+rgblh,0.3,endpoint excluded,0.9358319858581605,False
2d54a0612535c86396c7,UTD SO101,rgb+rgblh,0.5,endpoint excluded,0.9293063253171081,False
2d54a0612535c86396c7,UTD SO101,rgb+rgblh,0.7,endpoint excluded,0.9249886198991892,False
2d54a0612535c86396c7,UTD SO101,rgb+rgblh,1.0,endpoint excluded,0.9271854977228485,False
a078c19ccb0a2c0e04e2,UTD SO101,rgb,0.0,endpoint included,0.9803238855373813,False
a078c19ccb0a2c0e04e2,UTD SO101,rgb,0.3,endpoint included,0.9828401278124643,False
a078c19ccb0a2c0e04e2,UTD SO101,rgb,0.5,endpoint included,0.9877379416940111,False
a078c19ccb0a2c0e04e2,UTD SO101,rgb,0.7,endpoint included,0.9903418974340701,False
a078c19ccb0a2c0e04e2,UTD SO101,rgb,1.0,endpoint included,0.9904880962895692,False
a078c19ccb0a2c0e04e2,UTD SO101,rgb+rgblh,0.0,endpoint included,0.9191410551586974,False
a078c19ccb0a2c0e04e2,UTD SO101,rgb+rgblh,0.3,endpoint included,0.9533555612523612,False
a078c19ccb0a2c0e04e2,UTD SO101,rgb+rgblh,0.5,endpoint included,0.968163591722443,False
a078c19ccb0a2c0e04e2,UTD SO101,rgb+rgblh,0.7,endpoint included,0.9758960844446194,False
a078c19ccb0a2c0e04e2,UTD SO101,rgb+rgblh,1.0,endpoint included,0.981384914744293,False
a078c19ccb0a2c0e04e2,UTD SO101,rgb,0.0,endpoint excluded,0.998030118388666,False
a078c19ccb0a2c0e04e2,UTD SO101,rgb,0.3,endpoint excluded,0.9972157462060709,False
a078c19ccb0a2c0e04e2,UTD SO101,rgb,0.5,endpoint excluded,0.999111232650236,False
a078c19ccb0a2c0e04e2,UTD SO101,rgb,0.7,endpoint excluded,0.9998299106041645,False
a078c19ccb0a2c0e04e2,UTD SO101,rgb,1.0,endpoint excluded,0.9999787848678845,False
a078c19ccb0a2c0e04e2,UTD SO101,rgb+rgblh,0.0,endpoint excluded,0.9098798926664411,False
a078c19ccb0a2c0e04e2,UTD SO101,rgb+rgblh,0.3,endpoint excluded,0.9576788968345409,False
a078c19ccb0a2c0e04e2,UTD SO101,rgb+rgblh,0.5,endpoint excluded,0.9703794344209331,False
a078c19ccb0a2c0e04e2,UTD SO101,rgb+rgblh,0.7,endpoint excluded,0.9768498401666181,False
a078c19ccb0a2c0e04e2,UTD SO101,rgb+rgblh,1.0,endpoint excluded,0.9821433028303865,False
3a6df3b456ed9a18fab4,UTD SO101,rgb,0.0,endpoint included,0.9357889819441844,False
3a6df3b456ed9a18fab4,UTD SO101,rgb,0.3,endpoint included,0.9244787440012402,False
3a6df3b456ed9a18fab4,UTD SO101,rgb,0.5,endpoint included,0.9362116816464177,False
3a6df3b456ed9a18fab4,UTD SO101,rgb,0.7,endpoint included,0.9466516261330953,False
3a6df3b456ed9a18fab4,UTD SO101,rgb,1.0,endpoint included,0.9508255283749303,False
3a6df3b456ed9a18fab4,UTD SO101,rgb+rgblh,0.0,endpoint included,0.9778902772410061,False
3a6df3b456ed9a18fab4,UTD SO101,rgb+rgblh,0.3,endpoint included,0.970013642656449,False
3a6df3b456ed9a18fab4,UTD SO101,rgb+rgblh,0.5,endpoint included,0.9695971618415361,False
3a6df3b456ed9a18fab4,UTD SO101,rgb+rgblh,0.7,endpoint included,0.9716816432495745,False
3a6df3b456ed9a18fab4,UTD SO101,rgb+rgblh,1.0,endpoint included,0.9714918559062486,False
3a6df3b456ed9a18fab4,UTD SO101,rgb,0.0,endpoint excluded,0.9566407874060696,False
3a6df3b456ed9a18fab4,UTD SO101,rgb,0.3,endpoint excluded,0.933623388956756,False
3a6df3b456ed9a18fab4,UTD SO101,rgb,0.5,endpoint excluded,0.9444064618021042,False
3a6df3b456ed9a18fab4,UTD SO101,rgb,0.7,endpoint excluded,0.9555597754337931,False
3a6df3b456ed9a18fab4,UTD SO101,rgb,1.0,endpoint excluded,0.9687870519937904,False
3a6df3b456ed9a18fab4,UTD SO101,rgb+rgblh,0.0,endpoint excluded,0.9706705069745982,False
3a6df3b456ed9a18fab4,UTD SO101,rgb+rgblh,0.3,endpoint excluded,0.9762645053593013,False
3a6df3b456ed9a18fab4,UTD SO101,rgb+rgblh,0.5,endpoint excluded,0.9746925164196538,False
3a6df3b456ed9a18fab4,UTD SO101,rgb+rgblh,0.7,endpoint excluded,0.9763643716059984,False
3a6df3b456ed9a18fab4,UTD SO101,rgb+rgblh,1.0,endpoint excluded,0.9787541167690976,False
410f46b61ad6d367eb3b,UTD SO101,rgb,0.0,endpoint included,0.9004633257035024,False
410f46b61ad6d367eb3b,UTD SO101,rgb,0.3,endpoint included,0.839404613144992,False
410f46b61ad6d367eb3b,UTD SO101,rgb,0.5,endpoint included,0.8375994019463193,False
410f46b61ad6d367eb3b,UTD SO101,rgb,0.7,endpoint included,0.8311363955114651,False
410f46b61ad6d367eb3b,UTD SO101,rgb,1.0,endpoint included,0.7938616253676647,False
410f46b61ad6d367eb3b,UTD SO101,rgb+rgblh,0.0,endpoint included,0.9814277507795426,False
410f46b61ad6d367eb3b,UTD SO101,rgb+rgblh,0.3,endpoint included,0.9832315147200847,False
410f46b61ad6d367eb3b,UTD SO101,rgb+rgblh,0.5,endpoint included,0.9823070393737153,False
410f46b61ad6d367eb3b,UTD SO101,rgb+rgblh,0.7,endpoint included,0.9807676748906251,False
410f46b61ad6d367eb3b,UTD SO101,rgb+rgblh,1.0,endpoint included,0.9755256324922499,False
410f46b61ad6d367eb3b,UTD SO101,rgb,0.0,endpoint excluded,0.8073355148937866,False
410f46b61ad6d367eb3b,UTD SO101,rgb,0.3,endpoint excluded,0.6824220767466815,False
410f46b61ad6d367eb3b,UTD SO101,rgb,0.5,endpoint excluded,0.6729470391050133,False
410f46b61ad6d367eb3b,UTD SO101,rgb,0.7,endpoint excluded,0.6547879663737073,False
410f46b61ad6d367eb3b,UTD SO101,rgb,1.0,endpoint excluded,0.5822406719170611,False
410f46b61ad6d367eb3b,UTD SO101,rgb+rgblh,0.0,endpoint excluded,0.9959844458682474,False
410f46b61ad6d367eb3b,UTD SO101,rgb+rgblh,0.3,endpoint excluded,0.9787712613455245,False
410f46b61ad6d367eb3b,UTD SO101,rgb+rgblh,0.5,endpoint excluded,0.971908170981225,False
410f46b61ad6d367eb3b,UTD SO101,rgb+rgblh,0.7,endpoint excluded,0.9652552648041737,False
410f46b61ad6d367eb3b,UTD SO101,rgb+rgblh,1.0,endpoint excluded,0.951398567263521,False
77af4507559b19303094,UTD SO101,rgb,0.0,endpoint included,0.9553785638966745,False
77af4507559b19303094,UTD SO101,rgb,0.3,endpoint included,0.9741792597526399,False
77af4507559b19303094,UTD SO101,rgb,0.5,endpoint included,0.9784583875342143,False
77af4507559b19303094,UTD SO101,rgb,0.7,endpoint included,0.9780646149934489,False
77af4507559b19303094,UTD SO101,rgb,1.0,endpoint included,0.9657015750141394,False
77af4507559b19303094,UTD SO101,rgb+rgblh,0.0,endpoint included,0.9611939478116445,False
77af4507559b19303094,UTD SO101,rgb+rgblh,0.3,endpoint included,0.9466813774700649,False
77af4507559b19303094,UTD SO101,rgb+rgblh,0.5,endpoint included,0.9451153295864125,False
77af4507559b19303094,UTD SO101,rgb+rgblh,0.7,endpoint included,0.9384192794768178,False
77af4507559b19303094,UTD SO101,rgb+rgblh,1.0,endpoint included,0.9140632973996459,False
77af4507559b19303094,UTD SO101,rgb,0.0,endpoint excluded,0.9883864921620038,False
77af4507559b19303094,UTD SO101,rgb,0.3,endpoint excluded,0.9882498114441103,False
77af4507559b19303094,UTD SO101,rgb,0.5,endpoint excluded,0.9867791887103414,False
77af4507559b19303094,UTD SO101,rgb,0.7,endpoint excluded,0.9814976824372069,False
77af4507559b19303094,UTD SO101,rgb,1.0,endpoint excluded,0.9616349469807793,False
77af4507559b19303094,UTD SO101,rgb+rgblh,0.0,endpoint excluded,0.9622076358333345,False
77af4507559b19303094,UTD SO101,rgb+rgblh,0.3,endpoint excluded,0.9153866647762259,False
77af4507559b19303094,UTD SO101,rgb+rgblh,0.5,endpoint excluded,0.9062659575041312,False
77af4507559b19303094,UTD SO101,rgb+rgblh,0.7,endpoint excluded,0.8914264739891076,False
77af4507559b19303094,UTD SO101,rgb+rgblh,1.0,endpoint excluded,0.8515965097652882,False
e5540d6ab7ba21c44ed6,UTD SO101,rgb,0.0,endpoint included,0.8875124793524992,False
e5540d6ab7ba21c44ed6,UTD SO101,rgb,0.3,endpoint included,0.941326092823272,False
e5540d6ab7ba21c44ed6,UTD SO101,rgb,0.5,endpoint included,0.9534773459864045,False
e5540d6ab7ba21c44ed6,UTD SO101,rgb,0.7,endpoint included,0.9609530236558574,False
e5540d6ab7ba21c44ed6,UTD SO101,rgb,1.0,endpoint included,0.9620161256353876,False
e5540d6ab7ba21c44ed6,UTD SO101,rgb+rgblh,0.0,endpoint included,0.8875124793524992,False
e5540d6ab7ba21c44ed6,UTD SO101,rgb+rgblh,0.3,endpoint included,0.9159850314180689,False
e5540d6ab7ba21c44ed6,UTD SO101,rgb+rgblh,0.5,endpoint included,0.9302822483085994,False
e5540d6ab7ba21c44ed6,UTD SO101,rgb+rgblh,0.7,endpoint included,0.9353766574650728,False
e5540d6ab7ba21c44ed6,UTD SO101,rgb+rgblh,1.0,endpoint included,0.9178218677828216,False
e5540d6ab7ba21c44ed6,UTD SO101,rgb,0.0,endpoint excluded,0.9001483889644164,False
e5540d6ab7ba21c44ed6,UTD SO101,rgb,0.3,endpoint excluded,0.9681148247424716,False
e5540d6ab7ba21c44ed6,UTD SO101,rgb,0.5,endpoint excluded,0.9781579559033365,False
e5540d6ab7ba21c44ed6,UTD SO101,rgb,0.7,endpoint excluded,0.9827857377951457,False
e5540d6ab7ba21c44ed6,UTD SO101,rgb,1.0,endpoint excluded,0.9828774630912369,False
e5540d6ab7ba21c44ed6,UTD SO101,rgb+rgblh,0.0,endpoint excluded,0.9001483889644164,False
e5540d6ab7ba21c44ed6,UTD SO101,rgb+rgblh,0.3,endpoint excluded,0.9333097542634144,False
e5540d6ab7ba21c44ed6,UTD SO101,rgb+rgblh,0.5,endpoint excluded,0.9470212526907149,False
e5540d6ab7ba21c44ed6,UTD SO101,rgb+rgblh,0.7,endpoint excluded,0.9505812641285235,False
e5540d6ab7ba21c44ed6,UTD SO101,rgb+rgblh,1.0,endpoint excluded,0.9327716900868288,False
4411a2fb8c2c5424465c,UTD SO101,rgb,0.0,endpoint included,0.8349388014494312,False
4411a2fb8c2c5424465c,UTD SO101,rgb,0.3,endpoint included,0.9344937237201258,False
4411a2fb8c2c5424465c,UTD SO101,rgb,0.5,endpoint included,0.9337820802253474,False
4411a2fb8c2c5424465c,UTD SO101,rgb,0.7,endpoint included,0.9332210038290578,False
4411a2fb8c2c5424465c,UTD SO101,rgb,1.0,endpoint included,0.9298330583570291,False
4411a2fb8c2c5424465c,UTD SO101,rgb+rgblh,0.0,endpoint included,0.8924470343481231,False
4411a2fb8c2c5424465c,UTD SO101,rgb+rgblh,0.3,endpoint included,0.9466097435887428,False
4411a2fb8c2c5424465c,UTD SO101,rgb+rgblh,0.5,endpoint included,0.9505634771641355,False
4411a2fb8c2c5424465c,UTD SO101,rgb+rgblh,0.7,endpoint included,0.9548568151397658,False
4411a2fb8c2c5424465c,UTD SO101,rgb+rgblh,1.0,endpoint included,0.9629790302761247,False
4411a2fb8c2c5424465c,UTD SO101,rgb,0.0,endpoint excluded,0.7152549416364471,False
4411a2fb8c2c5424465c,UTD SO101,rgb,0.3,endpoint excluded,0.8809791044061459,False
4411a2fb8c2c5424465c,UTD SO101,rgb,0.5,endpoint excluded,0.8755997436513211,False
4411a2fb8c2c5424465c,UTD SO101,rgb,0.7,endpoint excluded,0.8729925550945572,False
4411a2fb8c2c5424465c,UTD SO101,rgb,1.0,endpoint excluded,0.8723081984208704,False
4411a2fb8c2c5424465c,UTD SO101,rgb+rgblh,0.0,endpoint excluded,0.8073355148937866,False
4411a2fb8c2c5424465c,UTD SO101,rgb+rgblh,0.3,endpoint excluded,0.9144567422709704,False
4411a2fb8c2c5424465c,UTD SO101,rgb+rgblh,0.5,endpoint excluded,0.9198970094099239,False
4411a2fb8c2c5424465c,UTD SO101,rgb+rgblh,0.7,endpoint excluded,0.9276953213664596,False
4411a2fb8c2c5424465c,UTD SO101,rgb+rgblh,1.0,endpoint excluded,0.9484863038738471,False
