method,version,branch_percent,arm_condition,threshold,n,tp,tn,fp,fn,balanced_accuracy,recall_success,false_success_rate,auroc
DT,old,,pooled,-8.942145824432373,72,42,13,16,1,0.7125100240577386,0.9767441860465116,0.5517241379310345,0.8364073777064955
DT,recalibrated,,pooled,-2.5452057123184204,72,33,27,2,10,0.8492381716118685,0.7674418604651163,0.06896551724137931,0.8364073777064955
DT,old,50,original,-8.942145824432373,12,4,7,1,0,0.9375,1.0,0.125,1.0
DT,recalibrated,50,original,-2.5452057123184204,12,4,8,0,0,1.0,1.0,0.0,1.0
DT,old,50,parked,-8.942145824432373,12,4,0,8,0,0.5,1.0,1.0,1.0
DT,recalibrated,50,parked,-2.5452057123184204,12,4,8,0,0,1.0,1.0,0.0,1.0
DT,old,70,original,-8.942145824432373,12,5,6,1,0,0.9285714285714286,1.0,0.14285714285714285,0.9714285714285714
DT,recalibrated,70,original,-2.5452057123184204,12,4,7,0,1,0.9,0.8,0.0,0.9714285714285714
DT,old,70,parked,-8.942145824432373,12,6,0,6,0,0.5,1.0,1.0,0.6111111111111112
DT,recalibrated,70,parked,-2.5452057123184204,12,5,4,2,1,0.7500000000000001,0.8333333333333334,0.3333333333333333,0.6111111111111112
DT,old,90,original,-8.942145824432373,12,11,0,0,1,,0.9166666666666666,,
DT,recalibrated,90,original,-2.5452057123184204,12,4,0,0,8,,0.3333333333333333,,
DT,old,90,parked,-8.942145824432373,12,12,0,0,0,,1.0,,
DT,recalibrated,90,parked,-2.5452057123184204,12,12,0,0,0,,1.0,,
S1,old,,pooled,-3.272519528865814,72,34,15,14,9,0.6539695268644747,0.7906976744186046,0.4827586206896552,0.7906976744186046
S1,recalibrated,,pooled,-0.5066859424114227,72,14,29,0,29,0.6627906976744187,0.32558139534883723,0.0,0.7906976744186046
S1,old,50,original,-3.272519528865814,12,4,8,0,0,1.0,1.0,0.0,1.0
S1,recalibrated,50,original,-0.5066859424114227,12,0,8,0,4,0.5,0.0,0.0,1.0
S1,old,50,parked,-3.272519528865814,12,4,0,8,0,0.5,1.0,1.0,0.96875
S1,recalibrated,50,parked,-0.5066859424114227,12,2,8,0,2,0.75,0.5,0.0,0.96875
S1,old,70,original,-3.272519528865814,12,4,7,0,1,0.9,0.8,0.0,0.9714285714285714
S1,recalibrated,70,original,-0.5066859424114227,12,0,7,0,5,0.5,0.0,0.0,0.9714285714285714
S1,old,70,parked,-3.272519528865814,12,6,0,6,0,0.5,1.0,1.0,1.0
S1,recalibrated,70,parked,-0.5066859424114227,12,2,6,0,4,0.6666666666666666,0.3333333333333333,0.0,1.0
S1,old,90,original,-3.272519528865814,12,4,0,0,8,,0.3333333333333333,,
S1,recalibrated,90,original,-0.5066859424114227,12,0,0,0,12,,0.0,,
S1,old,90,parked,-3.272519528865814,12,12,0,0,0,,1.0,,
S1,recalibrated,90,parked,-0.5066859424114227,12,10,0,0,2,,0.8333333333333334,,
S3,old,,pooled,-3.2162272334098816,72,34,15,14,9,0.6539695268644747,0.7906976744186046,0.4827586206896552,0.7923015236567763
S3,recalibrated,,pooled,-0.9412818551063538,72,29,23,6,14,0.7337610264635124,0.6744186046511628,0.20689655172413793,0.7923015236567763
S3,old,50,original,-3.2162272334098816,12,4,8,0,0,1.0,1.0,0.0,1.0
S3,recalibrated,50,original,-0.9412818551063538,12,2,8,0,2,0.75,0.5,0.0,1.0
S3,old,50,parked,-3.2162272334098816,12,4,0,8,0,0.5,1.0,1.0,0.96875
S3,recalibrated,50,parked,-0.9412818551063538,12,4,3,5,0,0.6875,1.0,0.625,0.96875
S3,old,70,original,-3.2162272334098816,12,4,7,0,1,0.9,0.8,0.0,0.9714285714285714
S3,recalibrated,70,original,-0.9412818551063538,12,2,7,0,3,0.7,0.4,0.0,0.9714285714285714
S3,old,70,parked,-3.2162272334098816,12,6,0,6,0,0.5,1.0,1.0,0.9722222222222222
S3,recalibrated,70,parked,-0.9412818551063538,12,6,5,1,0,0.9166666666666666,1.0,0.16666666666666666,0.9722222222222222
S3,old,90,original,-3.2162272334098816,12,4,0,0,8,,0.3333333333333333,,
S3,recalibrated,90,original,-0.9412818551063538,12,3,0,0,9,,0.25,,
S3,old,90,parked,-3.2162272334098816,12,12,0,0,0,,1.0,,
S3,recalibrated,90,parked,-0.9412818551063538,12,12,0,0,0,,1.0,,
S5,old,,pooled,-3.123962104320526,72,34,15,14,9,0.6539695268644747,0.7906976744186046,0.4827586206896552,0.7906976744186046
S5,recalibrated,,pooled,-0.9232172966003418,72,27,23,6,16,0.7105052125100241,0.627906976744186,0.20689655172413793,0.7906976744186046
S5,old,50,original,-3.123962104320526,12,4,8,0,0,1.0,1.0,0.0,1.0
S5,recalibrated,50,original,-0.9232172966003418,12,1,8,0,3,0.625,0.25,0.0,1.0
S5,old,50,parked,-3.123962104320526,12,4,0,8,0,0.5,1.0,1.0,1.0
S5,recalibrated,50,parked,-0.9232172966003418,12,4,3,5,0,0.6875,1.0,0.625,1.0
S5,old,70,original,-3.123962104320526,12,4,7,0,1,0.9,0.8,0.0,0.9428571428571428
S5,recalibrated,70,original,-0.9232172966003418,12,2,7,0,3,0.7,0.4,0.0,0.9428571428571428
S5,old,70,parked,-3.123962104320526,12,6,0,6,0,0.5,1.0,1.0,1.0
S5,recalibrated,70,parked,-0.9232172966003418,12,6,5,1,0,0.9166666666666666,1.0,0.16666666666666666,1.0
S5,old,90,original,-3.123962104320526,12,4,0,0,8,,0.3333333333333333,,
S5,recalibrated,90,original,-0.9232172966003418,12,2,0,0,10,,0.16666666666666666,,
S5,old,90,parked,-3.123962104320526,12,12,0,0,0,,1.0,,
S5,recalibrated,90,parked,-0.9232172966003418,12,12,0,0,0,,1.0,,
DT + S1,old,,pooled,0.448230025164487,72,34,15,14,9,0.6539695268644747,0.7906976744186046,0.4827586206896552,0.8460304731355253
DT + S1,recalibrated,,pooled,0.8108203664910005,72,29,28,1,14,0.8199679230152365,0.6744186046511628,0.034482758620689655,0.8460304731355253
DT + S1,old,50,original,0.448230025164487,12,4,8,0,0,1.0,1.0,0.0,1.0
DT + S1,recalibrated,50,original,0.8108203664910005,12,2,8,0,2,0.75,0.5,0.0,1.0
DT + S1,old,50,parked,0.448230025164487,12,4,0,8,0,0.5,1.0,1.0,1.0
DT + S1,recalibrated,50,parked,0.8108203664910005,12,4,7,1,0,0.9375,1.0,0.125,1.0
DT + S1,old,70,original,0.448230025164487,12,4,7,0,1,0.9,0.8,0.0,1.0
DT + S1,recalibrated,70,original,0.8108203664910005,12,3,7,0,2,0.8,0.6,0.0,1.0
DT + S1,old,70,parked,0.448230025164487,12,6,0,6,0,0.5,1.0,1.0,0.8611111111111112
DT + S1,recalibrated,70,parked,0.8108203664910005,12,5,6,0,1,0.9166666666666667,0.8333333333333334,0.0,0.8611111111111112
DT + S1,old,90,original,0.448230025164487,12,4,0,0,8,,0.3333333333333333,,
DT + S1,recalibrated,90,original,0.8108203664910005,12,3,0,0,9,,0.25,,
DT + S1,old,90,parked,0.448230025164487,12,12,0,0,0,,1.0,,
DT + S1,recalibrated,90,parked,0.8108203664910005,12,12,0,0,0,,1.0,,
DT + S3,old,,pooled,0.4499065998983014,72,34,15,14,9,0.6539695268644747,0.7906976744186046,0.4827586206896552,0.8460304731355253
DT + S3,recalibrated,,pooled,0.8312043180462529,72,23,29,0,20,0.7674418604651163,0.5348837209302325,0.0,0.8460304731355253
DT + S3,old,50,original,0.4499065998983014,12,4,8,0,0,1.0,1.0,0.0,1.0
DT + S3,recalibrated,50,original,0.8312043180462529,12,1,8,0,3,0.625,0.25,0.0,1.0
DT + S3,old,50,parked,0.4499065998983014,12,4,0,8,0,0.5,1.0,1.0,1.0
DT + S3,recalibrated,50,parked,0.8312043180462529,12,4,8,0,0,1.0,1.0,0.0,1.0
DT + S3,old,70,original,0.4499065998983014,12,4,7,0,1,0.9,0.8,0.0,1.0
DT + S3,recalibrated,70,original,0.8312043180462529,12,1,7,0,4,0.6,0.2,0.0,1.0
DT + S3,old,70,parked,0.4499065998983014,12,6,0,6,0,0.5,1.0,1.0,0.8611111111111112
DT + S3,recalibrated,70,parked,0.8312043180462529,12,4,6,0,2,0.8333333333333333,0.6666666666666666,0.0,0.8611111111111112
DT + S3,old,90,original,0.4499065998983014,12,4,0,0,8,,0.3333333333333333,,
DT + S3,recalibrated,90,original,0.8312043180462529,12,1,0,0,11,,0.08333333333333333,,
DT + S3,old,90,parked,0.4499065998983014,12,12,0,0,0,,1.0,,
DT + S3,recalibrated,90,parked,0.8312043180462529,12,12,0,0,0,,1.0,,
DT + S5,old,,pooled,0.4502469361783752,72,34,15,14,9,0.6539695268644747,0.7906976744186046,0.4827586206896552,0.8484362469927826
DT + S5,recalibrated,,pooled,0.8259148154116056,72,23,29,0,20,0.7674418604651163,0.5348837209302325,0.0,0.8484362469927826
DT + S5,old,50,original,0.4502469361783752,12,4,8,0,0,1.0,1.0,0.0,1.0
DT + S5,recalibrated,50,original,0.8259148154116056,12,1,8,0,3,0.625,0.25,0.0,1.0
DT + S5,old,50,parked,0.4502469361783752,12,4,0,8,0,0.5,1.0,1.0,1.0
DT + S5,recalibrated,50,parked,0.8259148154116056,12,4,8,0,0,1.0,1.0,0.0,1.0
DT + S5,old,70,original,0.4502469361783752,12,4,7,0,1,0.9,0.8,0.0,0.9714285714285714
DT + S5,recalibrated,70,original,0.8259148154116056,12,1,7,0,4,0.6,0.2,0.0,0.9714285714285714
DT + S5,old,70,parked,0.4502469361783752,12,6,0,6,0,0.5,1.0,1.0,0.8611111111111112
DT + S5,recalibrated,70,parked,0.8259148154116056,12,4,6,0,2,0.8333333333333333,0.6666666666666666,0.0,0.8611111111111112
DT + S5,old,90,original,0.4502469361783752,12,4,0,0,8,,0.3333333333333333,,
DT + S5,recalibrated,90,original,0.8259148154116056,12,1,0,0,11,,0.08333333333333333,,
DT + S5,old,90,parked,0.4502469361783752,12,12,0,0,0,,1.0,,
DT + S5,recalibrated,90,parked,0.8259148154116056,12,12,0,0,0,,1.0,,
DINOv2,old,,pooled,0.8599722981452942,72,34,15,14,9,0.6539695268644747,0.7906976744186046,0.4827586206896552,0.8740978348035284
DINOv2,recalibrated,,pooled,0.976689487695694,72,34,27,2,9,0.8608660785886127,0.7906976744186046,0.06896551724137931,0.8740978348035284
DINOv2,old,50,original,0.8599722981452942,12,4,8,0,0,1.0,1.0,0.0,1.0
DINOv2,recalibrated,50,original,0.976689487695694,12,4,8,0,0,1.0,1.0,0.0,1.0
DINOv2,old,50,parked,0.8599722981452942,12,4,0,8,0,0.5,1.0,1.0,1.0
DINOv2,recalibrated,50,parked,0.976689487695694,12,4,8,0,0,1.0,1.0,0.0,1.0
DINOv2,old,70,original,0.8599722981452942,12,4,7,0,1,0.9,0.8,0.0,1.0
DINOv2,recalibrated,70,original,0.976689487695694,12,4,7,0,1,0.9,0.8,0.0,1.0
DINOv2,old,70,parked,0.8599722981452942,12,6,0,6,0,0.5,1.0,1.0,0.9444444444444444
DINOv2,recalibrated,70,parked,0.976689487695694,12,6,4,2,0,0.8333333333333334,1.0,0.3333333333333333,0.9444444444444444
DINOv2,old,90,original,0.8599722981452942,12,4,0,0,8,,0.3333333333333333,,
DINOv2,recalibrated,90,original,0.976689487695694,12,4,0,0,8,,0.3333333333333333,,
DINOv2,old,90,parked,0.8599722981452942,12,12,0,0,0,,1.0,,
DINOv2,recalibrated,90,parked,0.976689487695694,12,12,0,0,0,,1.0,,
Robometer progress,recalibrated,,pooled,0.8289660811424255,72,0,29,0,43,0.5,0.0,0.0,0.5838011226944667
Robometer progress,recalibrated,50,original,0.8289660811424255,12,0,8,0,4,0.5,0.0,0.0,0.21875
Robometer progress,recalibrated,50,parked,0.8289660811424255,12,0,8,0,4,0.5,0.0,0.0,0.8125
Robometer progress,recalibrated,70,original,0.8289660811424255,12,0,7,0,5,0.5,0.0,0.0,0.5428571428571428
Robometer progress,recalibrated,70,parked,0.8289660811424255,12,0,6,0,6,0.5,0.0,0.0,0.6388888888888888
Robometer progress,recalibrated,90,original,0.8289660811424255,12,0,0,0,12,,0.0,,
Robometer progress,recalibrated,90,parked,0.8289660811424255,12,0,0,0,12,,0.0,,
Robometer success,old,,pooled,0.5,72,1,29,0,42,0.5116279069767442,0.023255813953488372,0.0,0.7085004009623096
Robometer success,recalibrated,,pooled,0.03167480044066906,72,40,14,15,3,0.706495589414595,0.9302325581395349,0.5172413793103449,0.7085004009623096
Robometer success,old,50,original,0.5,12,0,8,0,4,0.5,0.0,0.0,0.40625
Robometer success,recalibrated,50,original,0.03167480044066906,12,4,1,7,0,0.5625,1.0,0.875,0.40625
Robometer success,old,50,parked,0.5,12,0,8,0,4,0.5,0.0,0.0,0.8125
Robometer success,recalibrated,50,parked,0.03167480044066906,12,4,6,2,0,0.875,1.0,0.25,0.8125
Robometer success,old,70,original,0.5,12,0,7,0,5,0.5,0.0,0.0,0.8285714285714286
Robometer success,recalibrated,70,original,0.03167480044066906,12,5,4,3,0,0.7857142857142857,1.0,0.42857142857142855,0.8285714285714286
Robometer success,old,70,parked,0.5,12,0,6,0,6,0.5,0.0,0.0,0.7222222222222222
Robometer success,recalibrated,70,parked,0.03167480044066906,12,5,3,3,1,0.6666666666666667,0.8333333333333334,0.5,0.7222222222222222
Robometer success,old,90,original,0.5,12,1,0,0,11,,0.08333333333333333,,
Robometer success,recalibrated,90,original,0.03167480044066906,12,11,0,0,1,,0.9166666666666666,,
Robometer success,old,90,parked,0.5,12,0,0,0,12,,0.0,,
Robometer success,recalibrated,90,parked,0.03167480044066906,12,11,0,0,1,,0.9166666666666666,,
Elapsed time,old,,pooled,34.43333333333334,72,16,18,11,27,0.4963913392141139,0.37209302325581395,0.3793103448275862,0.4963913392141139
Elapsed time,recalibrated,,pooled,40.849999999999994,72,0,29,0,43,0.5,0.0,0.0,0.4963913392141139
Elapsed time,old,50,original,34.43333333333334,12,0,8,0,4,0.5,0.0,0.0,0.5
Elapsed time,recalibrated,50,original,40.849999999999994,12,0,8,0,4,0.5,0.0,0.0,0.5
Elapsed time,old,50,parked,34.43333333333334,12,3,2,6,1,0.5,0.75,0.75,0.5
Elapsed time,recalibrated,50,parked,40.849999999999994,12,0,8,0,4,0.5,0.0,0.0,0.5
Elapsed time,old,70,original,34.43333333333334,12,0,7,0,5,0.5,0.0,0.0,0.37142857142857144
Elapsed time,recalibrated,70,original,40.849999999999994,12,0,7,0,5,0.5,0.0,0.0,0.37142857142857144
Elapsed time,old,70,parked,34.43333333333334,12,4,1,5,2,0.4166666666666666,0.6666666666666666,0.8333333333333334,0.4166666666666667
Elapsed time,recalibrated,70,parked,40.849999999999994,12,0,6,0,6,0.5,0.0,0.0,0.4166666666666667
Elapsed time,old,90,original,34.43333333333334,12,0,0,0,12,,0.0,,
Elapsed time,recalibrated,90,original,40.849999999999994,12,0,0,0,12,,0.0,,
Elapsed time,old,90,parked,34.43333333333334,12,9,0,0,3,,0.75,,
Elapsed time,recalibrated,90,parked,40.849999999999994,12,0,0,0,12,,0.0,,
Always successful,old,,pooled,0.5,72,43,0,29,0,0.5,1.0,1.0,0.5
Always successful,recalibrated,,pooled,0.5,72,43,0,29,0,0.5,1.0,1.0,0.5
Always successful,old,50,original,0.5,12,4,0,8,0,0.5,1.0,1.0,0.5
Always successful,recalibrated,50,original,0.5,12,4,0,8,0,0.5,1.0,1.0,0.5
Always successful,old,50,parked,0.5,12,4,0,8,0,0.5,1.0,1.0,0.5
Always successful,recalibrated,50,parked,0.5,12,4,0,8,0,0.5,1.0,1.0,0.5
Always successful,old,70,original,0.5,12,5,0,7,0,0.5,1.0,1.0,0.5
Always successful,recalibrated,70,original,0.5,12,5,0,7,0,0.5,1.0,1.0,0.5
Always successful,old,70,parked,0.5,12,6,0,6,0,0.5,1.0,1.0,0.5
Always successful,recalibrated,70,parked,0.5,12,6,0,6,0,0.5,1.0,1.0,0.5
Always successful,old,90,original,0.5,12,12,0,0,0,,1.0,,
Always successful,recalibrated,90,original,0.5,12,12,0,0,0,,1.0,,
Always successful,old,90,parked,0.5,12,12,0,0,0,,1.0,,
Always successful,recalibrated,90,parked,0.5,12,12,0,0,0,,1.0,,
