method,old_threshold,new_threshold,n,tp,tn,fp,fn,balanced_accuracy,recall_success,false_success_rate,auroc
DT,-8.942145824432373,-2.5452057123184204,36,16,14,0,6,0.8636363636363636,0.7272727272727273,0.0,0.8246753246753247
S1,-3.272519528865814,-0.5066859424114227,36,10,14,0,12,0.7272727272727273,0.45454545454545453,0.0,0.7207792207792207
S3,-3.2162272334098816,-0.9412818551063538,36,17,10,4,5,0.7435064935064934,0.7727272727272727,0.2857142857142857,0.7662337662337663
S5,-3.123962104320526,-0.9232172966003418,36,17,10,4,5,0.7435064935064934,0.7727272727272727,0.2857142857142857,0.7727272727272727
DT + S1,0.448230025164487,0.8108203664910005,36,16,12,2,6,0.7922077922077922,0.7272727272727273,0.14285714285714285,0.801948051948052
DT + S3,0.4499065998983014,0.8312043180462529,36,13,14,0,9,0.7954545454545454,0.5909090909090909,0.0,0.814935064935065
DT + S5,0.4502469361783752,0.8259148154116056,36,13,14,0,9,0.7954545454545454,0.5909090909090909,0.0,0.814935064935065
DINOv2,0.8599722981452942,0.976689487695694,36,16,14,0,6,0.8636363636363636,0.7272727272727273,0.0,0.8668831168831169
Robometer progress,,0.8289660811424255,36,9,12,2,13,0.6331168831168832,0.4090909090909091,0.14285714285714285,0.5422077922077922
Robometer success,0.5,0.03167480044066906,36,22,4,10,0,0.6428571428571428,1.0,0.7142857142857143,0.6185064935064936
Elapsed time,34.43333333333334,40.849999999999994,36,6,11,3,16,0.5292207792207793,0.2727272727272727,0.21428571428571427,0.5292207792207793
Always successful,0.5,0.5,36,22,0,14,0,0.5,1.0,1.0,0.5
