method,comparison,metric,lower95,upper95
DT,old,balanced_accuracy,0.6346153846153846,0.7666666666666666
DT,old,recall_success,0.926829268292683,1.0
DT,old,false_success_rate,0.4482758620689655,0.7307692307692307
DT,new,balanced_accuracy,0.7922077922077922,0.9047619047619048
DT,new,recall_success,0.6956521739130435,0.813953488372093
DT,new,false_success_rate,0.0,0.1935483870967742
DT,delta,balanced_accuracy,0.09375,0.21106382978723404
DT,delta,recall_success,-0.2978723404255319,-0.125
DT,delta,false_success_rate,-0.72,-0.3125
S1,old,balanced_accuracy,0.6304347826086957,0.6828388131515638
S1,old,recall_success,0.7608695652173914,0.813953488372093
S1,old,false_success_rate,0.4482758620689655,0.5
S1,new,balanced_accuracy,0.5851063829787234,0.75
S1,new,recall_success,0.1702127659574468,0.5
S1,new,false_success_rate,0.0,0.0
S1,delta,balanced_accuracy,-0.0735785953177257,0.09999999999999998
S1,delta,recall_success,-0.6086956521739131,-0.30000000000000004
S1,delta,false_success_rate,-0.5,-0.4482758620689655
S3,old,balanced_accuracy,0.6304347826086957,0.6828388131515638
S3,old,recall_success,0.7608695652173914,0.813953488372093
S3,old,false_success_rate,0.4482758620689655,0.5
S3,new,balanced_accuracy,0.62876254180602,0.8259823576583801
S3,new,recall_success,0.5531914893617021,0.775
S3,new,false_success_rate,0.06896551724137931,0.3076923076923077
S3,delta,balanced_accuracy,-0.0016722408026756952,0.14314354450681632
S3,delta,recall_success,-0.21276595744680848,-0.025000000000000022
S3,delta,false_success_rate,-0.3793103448275862,-0.1923076923076923
S5,old,balanced_accuracy,0.6304347826086957,0.6828388131515638
S5,old,recall_success,0.7608695652173914,0.813953488372093
S5,old,false_success_rate,0.4482758620689655,0.5
S5,new,balanced_accuracy,0.6071428571428572,0.8142857142857143
S5,new,recall_success,0.5,0.7619047619047619
S5,new,false_success_rate,0.06896551724137931,0.3076923076923077
S5,delta,balanced_accuracy,-0.029220779220779147,0.1428571428571428
S5,delta,recall_success,-0.2727272727272727,-0.04761904761904767
S5,delta,false_success_rate,-0.3793103448275862,-0.1923076923076923
DT + S1,old,balanced_accuracy,0.6304347826086957,0.6828388131515638
DT + S1,old,recall_success,0.7608695652173914,0.813953488372093
DT + S1,old,false_success_rate,0.4482758620689655,0.5
DT + S1,new,balanced_accuracy,0.7446808510638298,0.884375
DT + S1,new,recall_success,0.48936170212765956,0.8
DT + S1,new,false_success_rate,0.0,0.0967741935483871
DT + S1,delta,balanced_accuracy,0.10170212765957443,0.22974036191974823
DT + S1,delta,recall_success,-0.2765957446808511,0.0
DT + S1,delta,false_success_rate,-0.5,-0.4
DT + S3,old,balanced_accuracy,0.6304347826086957,0.6828388131515638
DT + S3,old,recall_success,0.7608695652173914,0.813953488372093
DT + S3,old,false_success_rate,0.4482758620689655,0.5
DT + S3,new,balanced_accuracy,0.7127659574468085,0.8536585365853658
DT + S3,new,recall_success,0.425531914893617,0.7073170731707317
DT + S3,new,false_success_rate,0.0,0.0
DT + S3,delta,balanced_accuracy,0.049719326383319884,0.20238095238095244
DT + S3,delta,recall_success,-0.3488372093023256,-0.09523809523809523
DT + S3,delta,false_success_rate,-0.5,-0.4482758620689655
DT + S5,old,balanced_accuracy,0.6304347826086957,0.6828388131515638
DT + S5,old,recall_success,0.7608695652173914,0.813953488372093
DT + S5,old,false_success_rate,0.4482758620689655,0.5
DT + S5,new,balanced_accuracy,0.7127659574468085,0.8536585365853658
DT + S5,new,recall_success,0.425531914893617,0.7073170731707317
DT + S5,new,false_success_rate,0.0,0.0
DT + S5,delta,balanced_accuracy,0.049719326383319884,0.20238095238095244
DT + S5,delta,recall_success,-0.3488372093023256,-0.09523809523809523
DT + S5,delta,false_success_rate,-0.5,-0.4482758620689655
DINOv2,old,balanced_accuracy,0.6304347826086957,0.6828388131515638
DINOv2,old,recall_success,0.7608695652173914,0.813953488372093
DINOv2,old,false_success_rate,0.4482758620689655,0.5
DINOv2,new,balanced_accuracy,0.814935064935065,0.9047619047619048
DINOv2,new,recall_success,0.7608695652173914,0.813953488372093
DINOv2,new,false_success_rate,0.0,0.14285714285714285
DINOv2,delta,balanced_accuracy,0.1785714285714286,0.234375
DINOv2,delta,recall_success,0.0,0.0
DINOv2,delta,false_success_rate,-0.46875,-0.35714285714285715
Robometer progress,old,balanced_accuracy,,
Robometer progress,old,recall_success,,
Robometer progress,old,false_success_rate,,
Robometer progress,new,balanced_accuracy,0.5,0.5
Robometer progress,new,recall_success,0.0,0.0
Robometer progress,new,false_success_rate,0.0,0.0
Robometer progress,delta,balanced_accuracy,,
Robometer progress,delta,recall_success,,
Robometer progress,delta,false_success_rate,,
Robometer success,old,balanced_accuracy,0.5,0.532608695652174
Robometer success,old,recall_success,0.0,0.06521739130434782
Robometer success,old,false_success_rate,0.0,0.0
Robometer success,new,balanced_accuracy,0.6161702127659574,0.75625
Robometer success,new,recall_success,0.8636363636363636,1.0
Robometer success,new,false_success_rate,0.41935483870967744,0.64
Robometer success,delta,balanced_accuracy,0.08425531914893614,0.25625
Robometer success,delta,recall_success,0.8043478260869565,1.0
Robometer success,delta,false_success_rate,0.41935483870967744,0.64
Elapsed time,old,balanced_accuracy,0.4707792207792208,0.5433039294306335
Elapsed time,old,recall_success,0.10869565217391304,0.5348837209302325
Elapsed time,old,false_success_rate,0.12,0.5
Elapsed time,new,balanced_accuracy,0.5,0.5
Elapsed time,new,recall_success,0.0,0.0
Elapsed time,new,false_success_rate,0.0,0.0
Elapsed time,delta,balanced_accuracy,-0.04330392943063355,0.029220779220779203
Elapsed time,delta,recall_success,-0.5348837209302325,-0.10869565217391304
Elapsed time,delta,false_success_rate,-0.5,-0.12
Always successful,old,balanced_accuracy,0.5,0.5
Always successful,old,recall_success,1.0,1.0
Always successful,old,false_success_rate,1.0,1.0
Always successful,new,balanced_accuracy,0.5,0.5
Always successful,new,recall_success,1.0,1.0
Always successful,new,false_success_rate,1.0,1.0
Always successful,delta,balanced_accuracy,0.0,0.0
Always successful,delta,recall_success,0.0,0.0
Always successful,delta,false_success_rate,0.0,0.0
