episode_id,model,frame,input_prefix_end,score,used_in_voc
bfe3503fc247305147fe,DT,4,4,-30.31096649169922,True
bfe3503fc247305147fe,DT,7,7,-23.971830368041992,True
bfe3503fc247305147fe,DT,15,15,-5.706836223602295,True
bfe3503fc247305147fe,DT,23,23,-3.187161922454834,True
bfe3503fc247305147fe,DT,31,31,-1.139886736869812,False
bfe3503fc247305147fe,Robometer progress,0,31,0.09060588479042053,True
bfe3503fc247305147fe,Robometer progress,4,31,0.17194032669067383,True
bfe3503fc247305147fe,Robometer progress,9,31,0.24919307231903076,True
bfe3503fc247305147fe,Robometer progress,13,31,0.2862694561481476,True
bfe3503fc247305147fe,Robometer progress,18,31,0.32588356733322144,True
bfe3503fc247305147fe,Robometer progress,22,31,0.4338951110839844,True
bfe3503fc247305147fe,Robometer progress,27,31,0.48484575748443604,True
bfe3503fc247305147fe,Robometer progress,31,31,0.8581322431564331,True
fccadd3af1339ebdcd05,DT,4,4,-14.499290466308594,True
fccadd3af1339ebdcd05,DT,7,7,-14.040979385375977,True
fccadd3af1339ebdcd05,DT,15,15,-8.132109642028809,True
fccadd3af1339ebdcd05,DT,23,23,-1.6113839149475098,True
fccadd3af1339ebdcd05,DT,31,31,-1.1240355968475342,False
fccadd3af1339ebdcd05,Robometer progress,0,31,0.1843647062778473,True
fccadd3af1339ebdcd05,Robometer progress,4,31,0.2334219515323639,True
fccadd3af1339ebdcd05,Robometer progress,9,31,0.31326305866241455,True
fccadd3af1339ebdcd05,Robometer progress,13,31,0.4223298132419586,True
fccadd3af1339ebdcd05,Robometer progress,18,31,0.5679944157600403,True
fccadd3af1339ebdcd05,Robometer progress,22,31,0.6648380756378174,True
fccadd3af1339ebdcd05,Robometer progress,27,31,0.7178598642349243,True
fccadd3af1339ebdcd05,Robometer progress,31,31,0.7133029699325562,True
dcb220b185cc5ead1be1,DT,4,4,-22.98003387451172,True
dcb220b185cc5ead1be1,DT,7,7,-23.227075576782227,True
dcb220b185cc5ead1be1,DT,15,15,-16.094707489013672,True
dcb220b185cc5ead1be1,DT,23,23,-6.2079691886901855,True
dcb220b185cc5ead1be1,DT,31,31,-1.097278118133545,False
dcb220b185cc5ead1be1,Robometer progress,0,31,0.1208794116973877,True
dcb220b185cc5ead1be1,Robometer progress,4,31,0.23846304416656494,True
dcb220b185cc5ead1be1,Robometer progress,9,31,0.40689194202423096,True
dcb220b185cc5ead1be1,Robometer progress,13,31,0.5981638431549072,True
dcb220b185cc5ead1be1,Robometer progress,18,31,0.6877673864364624,True
dcb220b185cc5ead1be1,Robometer progress,22,31,0.7286727428436279,True
dcb220b185cc5ead1be1,Robometer progress,27,31,0.7922137379646301,True
dcb220b185cc5ead1be1,Robometer progress,31,31,0.8361773490905762,True
fa7eb41521e110479178,DT,4,4,-17.197174072265625,True
fa7eb41521e110479178,DT,7,7,-18.29209327697754,True
fa7eb41521e110479178,DT,15,15,-10.74254035949707,True
fa7eb41521e110479178,DT,23,23,-4.103445053100586,True
fa7eb41521e110479178,DT,31,31,-1.1079845428466797,False
fa7eb41521e110479178,Robometer progress,0,31,0.18952079117298126,True
fa7eb41521e110479178,Robometer progress,4,31,0.28570356965065,True
fa7eb41521e110479178,Robometer progress,9,31,0.3727167248725891,True
fa7eb41521e110479178,Robometer progress,13,31,0.4714689552783966,True
fa7eb41521e110479178,Robometer progress,18,31,0.5366796255111694,True
fa7eb41521e110479178,Robometer progress,22,31,0.6077075004577637,True
fa7eb41521e110479178,Robometer progress,27,31,0.7820046544075012,True
fa7eb41521e110479178,Robometer progress,31,31,0.8770449757575989,True
4ab108ea18e86fd1fc4e,DT,4,4,-14.40673828125,True
4ab108ea18e86fd1fc4e,DT,7,7,-11.208074569702148,True
4ab108ea18e86fd1fc4e,DT,15,15,-8.958486557006836,True
4ab108ea18e86fd1fc4e,DT,23,23,-6.031407833099365,True
4ab108ea18e86fd1fc4e,DT,31,31,-1.1108593940734863,False
4ab108ea18e86fd1fc4e,Robometer progress,0,31,0.11852653324604034,True
4ab108ea18e86fd1fc4e,Robometer progress,4,31,0.1582220494747162,True
4ab108ea18e86fd1fc4e,Robometer progress,9,31,0.2085501253604889,True
4ab108ea18e86fd1fc4e,Robometer progress,13,31,0.31200945377349854,True
4ab108ea18e86fd1fc4e,Robometer progress,18,31,0.40868526697158813,True
4ab108ea18e86fd1fc4e,Robometer progress,22,31,0.44071874022483826,True
4ab108ea18e86fd1fc4e,Robometer progress,27,31,0.7524290084838867,True
4ab108ea18e86fd1fc4e,Robometer progress,31,31,0.8078233003616333,True
89e2f519c429fab670d5,DT,4,4,-36.025779724121094,True
89e2f519c429fab670d5,DT,7,7,-36.79364013671875,True
89e2f519c429fab670d5,DT,15,15,-18.395118713378906,True
89e2f519c429fab670d5,DT,23,23,-9.498098373413086,True
89e2f519c429fab670d5,DT,31,31,-1.1228272914886475,False
89e2f519c429fab670d5,Robometer progress,0,31,0.0927085280418396,True
89e2f519c429fab670d5,Robometer progress,4,31,0.13706573843955994,True
89e2f519c429fab670d5,Robometer progress,9,31,0.17791984975337982,True
89e2f519c429fab670d5,Robometer progress,13,31,0.16164140403270721,True
89e2f519c429fab670d5,Robometer progress,18,31,0.3372000455856323,True
89e2f519c429fab670d5,Robometer progress,22,31,0.4077792167663574,True
89e2f519c429fab670d5,Robometer progress,27,31,0.44469115138053894,True
89e2f519c429fab670d5,Robometer progress,31,31,0.8292273283004761,True
d32b6a2ef83db85aefd2,DT,4,4,-13.537139892578125,True
d32b6a2ef83db85aefd2,DT,15,15,-12.452422142028809,True
d32b6a2ef83db85aefd2,DT,31,31,-3.6252334117889404,True
d32b6a2ef83db85aefd2,DT,47,47,-2.8220980167388916,True
d32b6a2ef83db85aefd2,DT,63,63,-1.1563938856124878,False
d32b6a2ef83db85aefd2,Robometer progress,0,63,0.08796568214893341,True
d32b6a2ef83db85aefd2,Robometer progress,9,63,0.13615119457244873,True
d32b6a2ef83db85aefd2,Robometer progress,18,63,0.17005202174186707,True
d32b6a2ef83db85aefd2,Robometer progress,27,63,0.11365628242492676,True
d32b6a2ef83db85aefd2,Robometer progress,36,63,0.20068082213401794,True
d32b6a2ef83db85aefd2,Robometer progress,45,63,0.33956584334373474,True
d32b6a2ef83db85aefd2,Robometer progress,54,63,0.4598791003227234,True
d32b6a2ef83db85aefd2,Robometer progress,63,63,0.1457747370004654,True
2ca5fc0da88c83fe3045,DT,4,4,-25.806066513061523,True
2ca5fc0da88c83fe3045,DT,15,15,-9.510765075683594,True
2ca5fc0da88c83fe3045,DT,31,31,-11.944429397583008,True
2ca5fc0da88c83fe3045,DT,47,47,-5.249441146850586,True
2ca5fc0da88c83fe3045,DT,63,63,-1.0974462032318115,False
2ca5fc0da88c83fe3045,Robometer progress,0,63,0.1570911705493927,True
2ca5fc0da88c83fe3045,Robometer progress,9,63,0.1883866786956787,True
2ca5fc0da88c83fe3045,Robometer progress,18,63,0.2283085584640503,True
2ca5fc0da88c83fe3045,Robometer progress,27,63,0.28270453214645386,True
2ca5fc0da88c83fe3045,Robometer progress,36,63,0.32199370861053467,True
2ca5fc0da88c83fe3045,Robometer progress,45,63,0.3671465814113617,True
2ca5fc0da88c83fe3045,Robometer progress,54,63,0.6761370301246643,True
2ca5fc0da88c83fe3045,Robometer progress,63,63,0.7419462203979492,True
71c3ff7896d0a7c33d5f,DT,4,4,-19.649368286132812,True
71c3ff7896d0a7c33d5f,DT,15,15,-17.315288543701172,True
71c3ff7896d0a7c33d5f,DT,31,31,-12.260939598083496,True
71c3ff7896d0a7c33d5f,DT,47,47,-4.974605560302734,True
71c3ff7896d0a7c33d5f,DT,63,63,-1.0611727237701416,False
71c3ff7896d0a7c33d5f,Robometer progress,0,63,0.06521011888980865,True
71c3ff7896d0a7c33d5f,Robometer progress,9,63,0.14321725070476532,True
71c3ff7896d0a7c33d5f,Robometer progress,18,63,0.20470130443572998,True
71c3ff7896d0a7c33d5f,Robometer progress,27,63,0.32915425300598145,True
71c3ff7896d0a7c33d5f,Robometer progress,36,63,0.38379669189453125,True
71c3ff7896d0a7c33d5f,Robometer progress,45,63,0.4647400975227356,True
71c3ff7896d0a7c33d5f,Robometer progress,54,63,0.7896722555160522,True
71c3ff7896d0a7c33d5f,Robometer progress,63,63,0.8876959085464478,True
2d54a0612535c86396c7,DT,4,4,-18.144027709960938,True
2d54a0612535c86396c7,DT,15,15,-15.633279800415039,True
2d54a0612535c86396c7,DT,31,31,-14.286117553710938,True
2d54a0612535c86396c7,DT,47,47,-3.8515491485595703,True
2d54a0612535c86396c7,DT,63,63,-1.0829498767852783,False
2d54a0612535c86396c7,Robometer progress,0,63,0.07544507086277008,True
2d54a0612535c86396c7,Robometer progress,9,63,0.13902369141578674,True
2d54a0612535c86396c7,Robometer progress,18,63,0.18706950545310974,True
2d54a0612535c86396c7,Robometer progress,27,63,0.264701247215271,True
2d54a0612535c86396c7,Robometer progress,36,63,0.3719533681869507,True
2d54a0612535c86396c7,Robometer progress,45,63,0.49751943349838257,True
2d54a0612535c86396c7,Robometer progress,54,63,0.7673324346542358,True
2d54a0612535c86396c7,Robometer progress,63,63,0.8699969053268433,True
a078c19ccb0a2c0e04e2,DT,4,4,-21.069400787353516,True
a078c19ccb0a2c0e04e2,DT,15,15,-13.342562675476074,True
a078c19ccb0a2c0e04e2,DT,31,31,-10.118337631225586,True
a078c19ccb0a2c0e04e2,DT,47,47,-3.7007384300231934,True
a078c19ccb0a2c0e04e2,DT,63,63,-1.1074155569076538,False
a078c19ccb0a2c0e04e2,Robometer progress,0,63,0.09870719909667969,True
a078c19ccb0a2c0e04e2,Robometer progress,9,63,0.14910852909088135,True
a078c19ccb0a2c0e04e2,Robometer progress,18,63,0.190324068069458,True
a078c19ccb0a2c0e04e2,Robometer progress,27,63,0.33635109663009644,True
a078c19ccb0a2c0e04e2,Robometer progress,36,63,0.5490162372589111,True
a078c19ccb0a2c0e04e2,Robometer progress,45,63,0.6848733425140381,True
a078c19ccb0a2c0e04e2,Robometer progress,54,63,0.8247123956680298,True
a078c19ccb0a2c0e04e2,Robometer progress,63,63,0.9124423861503601,True
3a6df3b456ed9a18fab4,DT,4,4,-14.302396774291992,True
3a6df3b456ed9a18fab4,DT,15,15,-9.996862411499023,True
3a6df3b456ed9a18fab4,DT,31,31,-5.316405296325684,True
3a6df3b456ed9a18fab4,DT,47,47,-3.3197975158691406,True
3a6df3b456ed9a18fab4,DT,63,63,-1.1196211576461792,False
3a6df3b456ed9a18fab4,Robometer progress,0,63,0.04666760936379433,True
3a6df3b456ed9a18fab4,Robometer progress,9,63,0.12072987854480743,True
3a6df3b456ed9a18fab4,Robometer progress,18,63,0.22916775941848755,True
3a6df3b456ed9a18fab4,Robometer progress,27,63,0.3410540819168091,True
3a6df3b456ed9a18fab4,Robometer progress,36,63,0.5527202486991882,True
3a6df3b456ed9a18fab4,Robometer progress,45,63,0.7214629054069519,True
3a6df3b456ed9a18fab4,Robometer progress,54,63,0.8079591989517212,True
3a6df3b456ed9a18fab4,Robometer progress,63,63,0.9038565158843994,True
410f46b61ad6d367eb3b,DT,4,4,-24.92953109741211,True
410f46b61ad6d367eb3b,DT,15,15,-18.831836700439453,True
410f46b61ad6d367eb3b,DT,31,31,-16.52043914794922,True
410f46b61ad6d367eb3b,DT,47,47,-4.939645767211914,True
410f46b61ad6d367eb3b,DT,63,63,-1.0584255456924438,False
410f46b61ad6d367eb3b,Robometer progress,0,63,0.09975268691778183,True
410f46b61ad6d367eb3b,Robometer progress,9,63,0.1675112545490265,True
410f46b61ad6d367eb3b,Robometer progress,18,63,0.28503888845443726,True
410f46b61ad6d367eb3b,Robometer progress,27,63,0.31811457872390747,True
410f46b61ad6d367eb3b,Robometer progress,36,63,0.45235565304756165,True
410f46b61ad6d367eb3b,Robometer progress,45,63,0.6232128143310547,True
410f46b61ad6d367eb3b,Robometer progress,54,63,0.8042191863059998,True
410f46b61ad6d367eb3b,Robometer progress,63,63,0.9090055227279663,True
77af4507559b19303094,DT,4,4,-19.467601776123047,True
77af4507559b19303094,DT,15,15,-23.766788482666016,True
77af4507559b19303094,DT,31,31,-13.956974029541016,True
77af4507559b19303094,DT,47,47,-4.084085464477539,True
77af4507559b19303094,DT,63,63,-1.0827152729034424,False
77af4507559b19303094,Robometer progress,0,63,0.12689101696014404,True
77af4507559b19303094,Robometer progress,9,63,0.18580831587314606,True
77af4507559b19303094,Robometer progress,18,63,0.23546254634857178,True
77af4507559b19303094,Robometer progress,27,63,0.2135271430015564,True
77af4507559b19303094,Robometer progress,36,63,0.24328608810901642,True
77af4507559b19303094,Robometer progress,45,63,0.3482713997364044,True
77af4507559b19303094,Robometer progress,54,63,0.7262044548988342,True
77af4507559b19303094,Robometer progress,63,63,0.8372655510902405,True
e5540d6ab7ba21c44ed6,DT,4,4,-25.218006134033203,True
e5540d6ab7ba21c44ed6,DT,15,15,-13.321491241455078,True
e5540d6ab7ba21c44ed6,DT,31,31,-7.855823040008545,True
e5540d6ab7ba21c44ed6,DT,47,47,-3.0906052589416504,True
e5540d6ab7ba21c44ed6,DT,63,63,-1.0898957252502441,False
e5540d6ab7ba21c44ed6,Robometer progress,0,63,0.07736766338348389,True
e5540d6ab7ba21c44ed6,Robometer progress,9,63,0.1390920877456665,True
e5540d6ab7ba21c44ed6,Robometer progress,18,63,0.20998609066009521,True
e5540d6ab7ba21c44ed6,Robometer progress,27,63,0.19352656602859497,True
e5540d6ab7ba21c44ed6,Robometer progress,36,63,0.24204999208450317,True
e5540d6ab7ba21c44ed6,Robometer progress,45,63,0.5354713201522827,True
e5540d6ab7ba21c44ed6,Robometer progress,54,63,0.6625794172286987,True
e5540d6ab7ba21c44ed6,Robometer progress,63,63,0.5021929144859314,True
4411a2fb8c2c5424465c,DT,4,4,-28.99993896484375,True
4411a2fb8c2c5424465c,DT,15,15,-20.922996520996094,True
4411a2fb8c2c5424465c,DT,31,31,-20.690242767333984,True
4411a2fb8c2c5424465c,DT,47,47,-3.4483795166015625,True
4411a2fb8c2c5424465c,DT,63,63,-1.070841670036316,False
4411a2fb8c2c5424465c,Robometer progress,0,63,0.055316898971796036,True
4411a2fb8c2c5424465c,Robometer progress,9,63,0.136671781539917,True
4411a2fb8c2c5424465c,Robometer progress,18,63,0.2752806544303894,True
4411a2fb8c2c5424465c,Robometer progress,27,63,0.4122505187988281,True
4411a2fb8c2c5424465c,Robometer progress,36,63,0.5226868391036987,True
4411a2fb8c2c5424465c,Robometer progress,45,63,0.6897469758987427,True
4411a2fb8c2c5424465c,Robometer progress,54,63,0.78298020362854,True
4411a2fb8c2c5424465c,Robometer progress,63,63,0.8088715672492981,True
