episode_id,dataset,temperature,view,voc,undefined
22cf6e699a560a69729c,USC Trossen,0.0,endpoint included,0.7290586729972879,False
22cf6e699a560a69729c,USC Trossen,0.3,endpoint included,0.927578031719347,False
22cf6e699a560a69729c,USC Trossen,0.5,endpoint included,0.8971449809329775,False
22cf6e699a560a69729c,USC Trossen,0.7,endpoint included,0.8719696498375715,False
22cf6e699a560a69729c,USC Trossen,1.0,endpoint included,0.85104454976175,False
22cf6e699a560a69729c,USC Trossen,0.0,endpoint excluded,0.0,True
22cf6e699a560a69729c,USC Trossen,0.3,endpoint excluded,0.9416443756819961,False
22cf6e699a560a69729c,USC Trossen,0.5,endpoint excluded,0.961157847819925,False
22cf6e699a560a69729c,USC Trossen,0.7,endpoint excluded,0.9703326053934719,False
22cf6e699a560a69729c,USC Trossen,1.0,endpoint excluded,0.979072001568899,False
6544caffaab91229bce0,USC Trossen,0.0,endpoint included,0.8932692820574557,False
6544caffaab91229bce0,USC Trossen,0.3,endpoint included,0.8892285011730088,False
6544caffaab91229bce0,USC Trossen,0.5,endpoint included,0.887997589260682,False
6544caffaab91229bce0,USC Trossen,0.7,endpoint included,0.8756564259918733,False
6544caffaab91229bce0,USC Trossen,1.0,endpoint included,0.8650827533597649,False
6544caffaab91229bce0,USC Trossen,0.0,endpoint excluded,0.8459530621079755,False
6544caffaab91229bce0,USC Trossen,0.3,endpoint excluded,0.7439588588456221,False
6544caffaab91229bce0,USC Trossen,0.5,endpoint excluded,0.7732330857212288,False
6544caffaab91229bce0,USC Trossen,0.7,endpoint excluded,0.7997830443390581,False
6544caffaab91229bce0,USC Trossen,1.0,endpoint excluded,0.8998951098552063,False
3830a519577ad721f31e,USC Trossen,0.0,endpoint included,0.9456886906814268,False
3830a519577ad721f31e,USC Trossen,0.3,endpoint included,0.9640797414711055,False
3830a519577ad721f31e,USC Trossen,0.5,endpoint included,0.9509829254461362,False
3830a519577ad721f31e,USC Trossen,0.7,endpoint included,0.9296923476431531,False
3830a519577ad721f31e,USC Trossen,1.0,endpoint included,0.8481539275737406,False
3830a519577ad721f31e,USC Trossen,0.0,endpoint excluded,0.9144861547306324,False
3830a519577ad721f31e,USC Trossen,0.3,endpoint excluded,0.9331756939444802,False
3830a519577ad721f31e,USC Trossen,0.5,endpoint excluded,0.8927178568618266,False
3830a519577ad721f31e,USC Trossen,0.7,endpoint excluded,0.8480119281062999,False
3830a519577ad721f31e,USC Trossen,1.0,endpoint excluded,0.6421111986011592,False
8c29c70a2fa05b0bbaf1,USC Trossen,0.0,endpoint included,0.9050287558221275,False
8c29c70a2fa05b0bbaf1,USC Trossen,0.3,endpoint included,0.9935261999090086,False
8c29c70a2fa05b0bbaf1,USC Trossen,0.5,endpoint included,0.9876762637858094,False
8c29c70a2fa05b0bbaf1,USC Trossen,0.7,endpoint included,0.9802570977911159,False
8c29c70a2fa05b0bbaf1,USC Trossen,1.0,endpoint included,0.9668238653690563,False
8c29c70a2fa05b0bbaf1,USC Trossen,0.0,endpoint excluded,0.8073355148937866,False
8c29c70a2fa05b0bbaf1,USC Trossen,0.3,endpoint excluded,0.9897219917444825,False
8c29c70a2fa05b0bbaf1,USC Trossen,0.5,endpoint excluded,0.9735248397776111,False
8c29c70a2fa05b0bbaf1,USC Trossen,0.7,endpoint excluded,0.9612372801190165,False
8c29c70a2fa05b0bbaf1,USC Trossen,1.0,endpoint excluded,0.9540616086851292,False
9d5c810df9ab5c6e1d0a,USC Trossen,0.0,endpoint included,0.7290586729972879,False
9d5c810df9ab5c6e1d0a,USC Trossen,0.3,endpoint included,0.9821348433925721,False
9d5c810df9ab5c6e1d0a,USC Trossen,0.5,endpoint included,0.9697262659098732,False
9d5c810df9ab5c6e1d0a,USC Trossen,0.7,endpoint included,0.9499406325309225,False
9d5c810df9ab5c6e1d0a,USC Trossen,1.0,endpoint included,0.916371317533113,False
9d5c810df9ab5c6e1d0a,USC Trossen,0.0,endpoint excluded,0.0,True
9d5c810df9ab5c6e1d0a,USC Trossen,0.3,endpoint excluded,0.9658261183788386,False
9d5c810df9ab5c6e1d0a,USC Trossen,0.5,endpoint excluded,0.9656185347027386,False
9d5c810df9ab5c6e1d0a,USC Trossen,0.7,endpoint excluded,0.9647799371757622,False
9d5c810df9ab5c6e1d0a,USC Trossen,1.0,endpoint excluded,0.962499705403866,False
93605ebcaf3acb0d42ce,USC Trossen,0.0,endpoint included,0.7290586729972879,False
93605ebcaf3acb0d42ce,USC Trossen,0.3,endpoint included,0.9593401168460265,False
93605ebcaf3acb0d42ce,USC Trossen,0.5,endpoint included,0.9258614689355908,False
93605ebcaf3acb0d42ce,USC Trossen,0.7,endpoint included,0.8986725985681481,False
93605ebcaf3acb0d42ce,USC Trossen,1.0,endpoint included,0.8752084980058461,False
93605ebcaf3acb0d42ce,USC Trossen,0.0,endpoint excluded,0.0,True
93605ebcaf3acb0d42ce,USC Trossen,0.3,endpoint excluded,0.9956835076206816,False
93605ebcaf3acb0d42ce,USC Trossen,0.5,endpoint excluded,0.9960458000773442,False
93605ebcaf3acb0d42ce,USC Trossen,0.7,endpoint excluded,0.9973972346970739,False
93605ebcaf3acb0d42ce,USC Trossen,1.0,endpoint excluded,0.9941728986299581,False
871bafb895b6902351a1,USC Trossen,0.0,endpoint included,0.9553892647931113,False
871bafb895b6902351a1,USC Trossen,0.3,endpoint included,0.9217465749010079,False
871bafb895b6902351a1,USC Trossen,0.5,endpoint included,0.8674257092950536,False
871bafb895b6902351a1,USC Trossen,0.7,endpoint included,0.8222281317654552,False
871bafb895b6902351a1,USC Trossen,1.0,endpoint included,0.7386352377734092,False
871bafb895b6902351a1,USC Trossen,0.0,endpoint excluded,0.9066200187087723,False
871bafb895b6902351a1,USC Trossen,0.3,endpoint excluded,0.8810224478737199,False
871bafb895b6902351a1,USC Trossen,0.5,endpoint excluded,0.8460841968503252,False
871bafb895b6902351a1,USC Trossen,0.7,endpoint excluded,0.7659735726106576,False
871bafb895b6902351a1,USC Trossen,1.0,endpoint excluded,0.17381241505214623,False
79c5544b9c92b08aa3ad,USC Trossen,0.0,endpoint included,0.8564720763616563,False
79c5544b9c92b08aa3ad,USC Trossen,0.3,endpoint included,0.9282305574344856,False
79c5544b9c92b08aa3ad,USC Trossen,0.5,endpoint included,0.9306007480924692,False
79c5544b9c92b08aa3ad,USC Trossen,0.7,endpoint included,0.9261105061333708,False
79c5544b9c92b08aa3ad,USC Trossen,1.0,endpoint included,0.8988336689284264,False
79c5544b9c92b08aa3ad,USC Trossen,0.0,endpoint excluded,0.8049434044064965,False
79c5544b9c92b08aa3ad,USC Trossen,0.3,endpoint excluded,0.8698483080734415,False
79c5544b9c92b08aa3ad,USC Trossen,0.5,endpoint excluded,0.8597070307517843,False
79c5544b9c92b08aa3ad,USC Trossen,0.7,endpoint excluded,0.8400034488847159,False
79c5544b9c92b08aa3ad,USC Trossen,1.0,endpoint excluded,0.7700624903732303,False
6eaad9dd4293d2f6e317,USC Trossen,0.0,endpoint included,0.8759318678802261,False
6eaad9dd4293d2f6e317,USC Trossen,0.3,endpoint included,0.7891005676997129,False
6eaad9dd4293d2f6e317,USC Trossen,0.5,endpoint included,0.8641421662068005,False
6eaad9dd4293d2f6e317,USC Trossen,0.7,endpoint included,0.9219007880297885,False
6eaad9dd4293d2f6e317,USC Trossen,1.0,endpoint included,0.9601781782524363,False
6eaad9dd4293d2f6e317,USC Trossen,0.0,endpoint excluded,0.8919017444789037,False
6eaad9dd4293d2f6e317,USC Trossen,0.3,endpoint excluded,0.7887497144470463,False
6eaad9dd4293d2f6e317,USC Trossen,0.5,endpoint excluded,0.8339440475146247,False
6eaad9dd4293d2f6e317,USC Trossen,0.7,endpoint excluded,0.8736765178298838,False
6eaad9dd4293d2f6e317,USC Trossen,1.0,endpoint excluded,0.9129296656013004,False
8ae977fb8c2ab401d127,USC Trossen,0.0,endpoint included,0.2785411313213876,False
8ae977fb8c2ab401d127,USC Trossen,0.3,endpoint included,0.6066587735998401,False
8ae977fb8c2ab401d127,USC Trossen,0.5,endpoint included,0.6769728900909289,False
8ae977fb8c2ab401d127,USC Trossen,0.7,endpoint included,0.7058367529907753,False
8ae977fb8c2ab401d127,USC Trossen,1.0,endpoint included,0.7167852988307813,False
8ae977fb8c2ab401d127,USC Trossen,0.0,endpoint excluded,-0.22170761393321212,False
8ae977fb8c2ab401d127,USC Trossen,0.3,endpoint excluded,-0.044956924333634934,False
8ae977fb8c2ab401d127,USC Trossen,0.5,endpoint excluded,-0.05036725280728818,False
8ae977fb8c2ab401d127,USC Trossen,0.7,endpoint excluded,-0.05030028602801068,False
8ae977fb8c2ab401d127,USC Trossen,1.0,endpoint excluded,-0.006652582482375713,False
4d69130adbc2dcad9b88,USC Trossen,0.0,endpoint included,0.7700604026350653,False
4d69130adbc2dcad9b88,USC Trossen,0.3,endpoint included,0.9548958513951394,False
4d69130adbc2dcad9b88,USC Trossen,0.5,endpoint included,0.9534020791083502,False
4d69130adbc2dcad9b88,USC Trossen,0.7,endpoint included,0.9483144353291568,False
4d69130adbc2dcad9b88,USC Trossen,1.0,endpoint included,0.9388871479720051,False
4d69130adbc2dcad9b88,USC Trossen,0.0,endpoint excluded,0.5123131931927514,False
4d69130adbc2dcad9b88,USC Trossen,0.3,endpoint excluded,0.9013102420091228,False
4d69130adbc2dcad9b88,USC Trossen,0.5,endpoint excluded,0.8987337306965455,False
4d69130adbc2dcad9b88,USC Trossen,0.7,endpoint excluded,0.892872649304352,False
4d69130adbc2dcad9b88,USC Trossen,1.0,endpoint excluded,0.8781061703107473,False
8ccdf239dac2763fbe83,USC Trossen,0.0,endpoint included,0.8177694474974658,False
8ccdf239dac2763fbe83,USC Trossen,0.3,endpoint included,0.9313601553111737,False
8ccdf239dac2763fbe83,USC Trossen,0.5,endpoint included,0.9185867558469337,False
8ccdf239dac2763fbe83,USC Trossen,0.7,endpoint included,0.8854792759386488,False
8ccdf239dac2763fbe83,USC Trossen,1.0,endpoint included,0.7865239991576379,False
8ccdf239dac2763fbe83,USC Trossen,0.0,endpoint excluded,0.5589245872341599,False
8ccdf239dac2763fbe83,USC Trossen,0.3,endpoint excluded,0.8572708391864922,False
8ccdf239dac2763fbe83,USC Trossen,0.5,endpoint excluded,0.8697274569600655,False
8ccdf239dac2763fbe83,USC Trossen,0.7,endpoint excluded,0.7841614867860442,False
8ccdf239dac2763fbe83,USC Trossen,1.0,endpoint excluded,0.466169983191482,False
7f35707aa45c08602a31,USC Trossen,0.0,endpoint included,0.1179249647793627,False
7f35707aa45c08602a31,USC Trossen,0.3,endpoint included,0.6310102169625522,False
7f35707aa45c08602a31,USC Trossen,0.5,endpoint included,0.5976443957552334,False
7f35707aa45c08602a31,USC Trossen,0.7,endpoint included,0.5318839789242943,False
7f35707aa45c08602a31,USC Trossen,1.0,endpoint included,0.39997870907453975,False
7f35707aa45c08602a31,USC Trossen,0.0,endpoint excluded,-0.2395391088146399,False
7f35707aa45c08602a31,USC Trossen,0.3,endpoint excluded,0.15903331880821664,False
7f35707aa45c08602a31,USC Trossen,0.5,endpoint excluded,0.01757628385269644,False
7f35707aa45c08602a31,USC Trossen,0.7,endpoint excluded,-0.1032537816975741,False
7f35707aa45c08602a31,USC Trossen,1.0,endpoint excluded,-0.2291615219082407,False
a71bd90da025ae09c60e,USC Trossen,0.0,endpoint included,0.8337381692967785,False
a71bd90da025ae09c60e,USC Trossen,0.3,endpoint included,0.8552848068730419,False
a71bd90da025ae09c60e,USC Trossen,0.5,endpoint included,0.8937382331283457,False
a71bd90da025ae09c60e,USC Trossen,0.7,endpoint included,0.9139573549360804,False
a71bd90da025ae09c60e,USC Trossen,1.0,endpoint included,0.912348634585328,False
a71bd90da025ae09c60e,USC Trossen,0.0,endpoint excluded,0.7567298118966442,False
a71bd90da025ae09c60e,USC Trossen,0.3,endpoint excluded,0.7611889718969962,False
a71bd90da025ae09c60e,USC Trossen,0.5,endpoint excluded,0.7956233696615216,False
a71bd90da025ae09c60e,USC Trossen,0.7,endpoint excluded,0.8127831087430882,False
a71bd90da025ae09c60e,USC Trossen,1.0,endpoint excluded,0.8075959825271277,False
b668abc481f9bee0d5e8,USC Trossen,0.0,endpoint included,0.6211514016807558,False
b668abc481f9bee0d5e8,USC Trossen,0.3,endpoint included,0.7309151344722624,False
b668abc481f9bee0d5e8,USC Trossen,0.5,endpoint included,0.8014322578130599,False
b668abc481f9bee0d5e8,USC Trossen,0.7,endpoint included,0.8406927225553136,False
b668abc481f9bee0d5e8,USC Trossen,1.0,endpoint included,0.8157026152521758,False
b668abc481f9bee0d5e8,USC Trossen,0.0,endpoint excluded,0.4186400314565033,False
b668abc481f9bee0d5e8,USC Trossen,0.3,endpoint excluded,0.6200039405252517,False
b668abc481f9bee0d5e8,USC Trossen,0.5,endpoint excluded,0.6154526812117951,False
b668abc481f9bee0d5e8,USC Trossen,0.7,endpoint excluded,0.6206602500083178,False
b668abc481f9bee0d5e8,USC Trossen,1.0,endpoint excluded,0.6035374013238336,False
1990ded95ddd35f980ff,MIT Franka,0.0,endpoint included,0.6410486691557944,False
1990ded95ddd35f980ff,MIT Franka,0.3,endpoint included,0.848701252449831,False
1990ded95ddd35f980ff,MIT Franka,0.5,endpoint included,0.8338297832709455,False
1990ded95ddd35f980ff,MIT Franka,0.7,endpoint included,0.8274703253668555,False
1990ded95ddd35f980ff,MIT Franka,1.0,endpoint included,0.8300459117575846,False
1990ded95ddd35f980ff,MIT Franka,0.0,endpoint excluded,0.05855400437691205,False
1990ded95ddd35f980ff,MIT Franka,0.3,endpoint excluded,0.6549780067010013,False
1990ded95ddd35f980ff,MIT Franka,0.5,endpoint excluded,0.6774250503968646,False
1990ded95ddd35f980ff,MIT Franka,0.7,endpoint excluded,0.6847719325750373,False
1990ded95ddd35f980ff,MIT Franka,1.0,endpoint excluded,0.6725020731247431,False
cfb3ffee58bc97cef032,MIT Franka,0.0,endpoint included,0.9083524462820951,False
cfb3ffee58bc97cef032,MIT Franka,0.3,endpoint included,0.7890476176539742,False
cfb3ffee58bc97cef032,MIT Franka,0.5,endpoint included,0.761666366381617,False
cfb3ffee58bc97cef032,MIT Franka,0.7,endpoint included,0.7442713774458328,False
cfb3ffee58bc97cef032,MIT Franka,1.0,endpoint included,0.7165751113901228,False
cfb3ffee58bc97cef032,MIT Franka,0.0,endpoint excluded,0.8392740627357386,False
cfb3ffee58bc97cef032,MIT Franka,0.3,endpoint excluded,0.4106547535576401,False
cfb3ffee58bc97cef032,MIT Franka,0.5,endpoint excluded,0.20278219046602286,False
cfb3ffee58bc97cef032,MIT Franka,0.7,endpoint excluded,0.016326520987276827,False
cfb3ffee58bc97cef032,MIT Franka,1.0,endpoint excluded,-0.25991099336892837,False
a81880790000e9924027,MIT Franka,0.0,endpoint included,0.6993258208972303,False
a81880790000e9924027,MIT Franka,0.3,endpoint included,0.8813967145600586,False
a81880790000e9924027,MIT Franka,0.5,endpoint included,0.8736666745877533,False
a81880790000e9924027,MIT Franka,0.7,endpoint included,0.8626276945112226,False
a81880790000e9924027,MIT Franka,1.0,endpoint included,0.8618450457089968,False
a81880790000e9924027,MIT Franka,0.0,endpoint excluded,0.2146980160486774,False
a81880790000e9924027,MIT Franka,0.3,endpoint excluded,0.7068802392561098,False
a81880790000e9924027,MIT Franka,0.5,endpoint excluded,0.7132800653677105,False
a81880790000e9924027,MIT Franka,0.7,endpoint excluded,0.7022537920007211,False
a81880790000e9924027,MIT Franka,1.0,endpoint excluded,0.6886066637891655,False
bfe3503fc247305147fe,MIT Franka,0.0,endpoint included,0.8869565217391304,False
bfe3503fc247305147fe,MIT Franka,0.3,endpoint included,0.9038223670832232,False
bfe3503fc247305147fe,MIT Franka,0.5,endpoint included,0.9127913941353912,False
bfe3503fc247305147fe,MIT Franka,0.7,endpoint included,0.9202237374135082,False
bfe3503fc247305147fe,MIT Franka,1.0,endpoint included,0.9117532502775585,False
bfe3503fc247305147fe,MIT Franka,0.0,endpoint excluded,0.9173460685716214,False
bfe3503fc247305147fe,MIT Franka,0.3,endpoint excluded,0.9314268418245846,False
bfe3503fc247305147fe,MIT Franka,0.5,endpoint excluded,0.9347283190283162,False
bfe3503fc247305147fe,MIT Franka,0.7,endpoint excluded,0.937127195524084,False
bfe3503fc247305147fe,MIT Franka,1.0,endpoint excluded,0.928209424708982,False
fccadd3af1339ebdcd05,MIT Franka,0.0,endpoint included,0.9437923752706672,False
fccadd3af1339ebdcd05,MIT Franka,0.3,endpoint included,0.9745572979051519,False
fccadd3af1339ebdcd05,MIT Franka,0.5,endpoint included,0.9763382435018886,False
fccadd3af1339ebdcd05,MIT Franka,0.7,endpoint included,0.9761325083582464,False
fccadd3af1339ebdcd05,MIT Franka,1.0,endpoint included,0.9685152078200175,False
fccadd3af1339ebdcd05,MIT Franka,0.0,endpoint excluded,0.9188225517926376,False
fccadd3af1339ebdcd05,MIT Franka,0.3,endpoint excluded,0.997722506559245,False
fccadd3af1339ebdcd05,MIT Franka,0.5,endpoint excluded,0.9965406742255588,False
fccadd3af1339ebdcd05,MIT Franka,0.7,endpoint excluded,0.9930438311219573,False
fccadd3af1339ebdcd05,MIT Franka,1.0,endpoint excluded,0.9868038817638927,False
794c472e146ca60c3013,MIT Franka,0.0,endpoint included,0.5659453309702793,False
794c472e146ca60c3013,MIT Franka,0.3,endpoint included,0.37949443126812293,False
794c472e146ca60c3013,MIT Franka,0.5,endpoint included,0.36612010981145715,False
794c472e146ca60c3013,MIT Franka,0.7,endpoint included,0.3593307032874193,False
794c472e146ca60c3013,MIT Franka,1.0,endpoint included,0.2836514981550001,False
794c472e146ca60c3013,MIT Franka,0.0,endpoint excluded,-0.6440940481460318,False
794c472e146ca60c3013,MIT Franka,0.3,endpoint excluded,-0.9786943762876044,False
794c472e146ca60c3013,MIT Franka,0.5,endpoint excluded,-0.9773054197930198,False
794c472e146ca60c3013,MIT Franka,0.7,endpoint excluded,-0.9784825898834654,False
794c472e146ca60c3013,MIT Franka,1.0,endpoint excluded,-0.9764241597460002,False
dcb220b185cc5ead1be1,MIT Franka,0.0,endpoint included,0.991139010482242,False
dcb220b185cc5ead1be1,MIT Franka,0.3,endpoint included,0.9881522984183022,False
dcb220b185cc5ead1be1,MIT Franka,0.5,endpoint included,0.9884346851794835,False
dcb220b185cc5ead1be1,MIT Franka,0.7,endpoint included,0.9861842009582943,False
dcb220b185cc5ead1be1,MIT Franka,1.0,endpoint included,0.9775457870401879,False
dcb220b185cc5ead1be1,MIT Franka,0.0,endpoint excluded,0.9805651942360974,False
dcb220b185cc5ead1be1,MIT Franka,0.3,endpoint excluded,0.9748834805812434,False
dcb220b185cc5ead1be1,MIT Franka,0.5,endpoint excluded,0.9733646786291548,False
dcb220b185cc5ead1be1,MIT Franka,0.7,endpoint excluded,0.9704657846011866,False
dcb220b185cc5ead1be1,MIT Franka,1.0,endpoint excluded,0.955516784091557,False
fa7eb41521e110479178,MIT Franka,0.0,endpoint included,0.9575337670456743,False
fa7eb41521e110479178,MIT Franka,0.3,endpoint included,0.9832877870488683,False
fa7eb41521e110479178,MIT Franka,0.5,endpoint included,0.9814547845215223,False
fa7eb41521e110479178,MIT Franka,0.7,endpoint included,0.9799175565872278,False
fa7eb41521e110479178,MIT Franka,1.0,endpoint included,0.9741678108294893,False
fa7eb41521e110479178,MIT Franka,0.0,endpoint excluded,0.9824060734348569,False
fa7eb41521e110479178,MIT Franka,0.3,endpoint excluded,0.9898833397493907,False
fa7eb41521e110479178,MIT Franka,0.5,endpoint excluded,0.9800309458809365,False
fa7eb41521e110479178,MIT Franka,0.7,endpoint excluded,0.974563367180376,False
fa7eb41521e110479178,MIT Franka,1.0,endpoint excluded,0.9705366960064394,False
9e9106b2948dea03789b,MIT Franka,0.0,endpoint included,0.40342709955769485,False
9e9106b2948dea03789b,MIT Franka,0.3,endpoint included,0.8836893609428156,False
9e9106b2948dea03789b,MIT Franka,0.5,endpoint included,0.875162727539285,False
9e9106b2948dea03789b,MIT Franka,0.7,endpoint included,0.8529912160441675,False
9e9106b2948dea03789b,MIT Franka,1.0,endpoint included,0.7976723597504296,False
9e9106b2948dea03789b,MIT Franka,0.0,endpoint excluded,-0.023546877617734274,False
9e9106b2948dea03789b,MIT Franka,0.3,endpoint excluded,0.7132296991301044,False
9e9106b2948dea03789b,MIT Franka,0.5,endpoint excluded,0.681936229901985,False
9e9106b2948dea03789b,MIT Franka,0.7,endpoint excluded,0.6165414997030307,False
9e9106b2948dea03789b,MIT Franka,1.0,endpoint excluded,0.4127888857993622,False
88ca0b7c80cf240572ac,MIT Franka,0.0,endpoint included,0.75,False
88ca0b7c80cf240572ac,MIT Franka,0.3,endpoint included,0.7715694633665362,False
88ca0b7c80cf240572ac,MIT Franka,0.5,endpoint included,0.7641463174653613,False
88ca0b7c80cf240572ac,MIT Franka,0.7,endpoint included,0.7591658971211948,False
88ca0b7c80cf240572ac,MIT Franka,1.0,endpoint included,0.753647793358592,False
88ca0b7c80cf240572ac,MIT Franka,0.0,endpoint excluded,0.0,True
88ca0b7c80cf240572ac,MIT Franka,0.3,endpoint excluded,0.278719477181582,False
88ca0b7c80cf240572ac,MIT Franka,0.5,endpoint excluded,0.22719834220472582,False
88ca0b7c80cf240572ac,MIT Franka,0.7,endpoint excluded,0.17840922127176756,False
88ca0b7c80cf240572ac,MIT Franka,1.0,endpoint excluded,0.12518807178581057,False
4ab108ea18e86fd1fc4e,MIT Franka,0.0,endpoint included,0.9545242295795162,False
4ab108ea18e86fd1fc4e,MIT Franka,0.3,endpoint included,0.9799726772334831,False
4ab108ea18e86fd1fc4e,MIT Franka,0.5,endpoint included,0.9867621944087277,False
4ab108ea18e86fd1fc4e,MIT Franka,0.7,endpoint included,0.990565988539395,False
4ab108ea18e86fd1fc4e,MIT Franka,1.0,endpoint included,0.989699151107361,False
4ab108ea18e86fd1fc4e,MIT Franka,0.0,endpoint excluded,0.9575725875081895,False
4ab108ea18e86fd1fc4e,MIT Franka,0.3,endpoint excluded,0.9832008754926591,False
4ab108ea18e86fd1fc4e,MIT Franka,0.5,endpoint excluded,0.9898294308002458,False
4ab108ea18e86fd1fc4e,MIT Franka,0.7,endpoint excluded,0.9935627727183585,False
4ab108ea18e86fd1fc4e,MIT Franka,1.0,endpoint excluded,0.9950800414620987,False
53f9e2f11f8017f4000d,MIT Franka,0.0,endpoint included,0.7839663096097784,False
53f9e2f11f8017f4000d,MIT Franka,0.3,endpoint included,0.8976638013108362,False
53f9e2f11f8017f4000d,MIT Franka,0.5,endpoint included,0.8807887446081496,False
53f9e2f11f8017f4000d,MIT Franka,0.7,endpoint included,0.8705658920615408,False
53f9e2f11f8017f4000d,MIT Franka,1.0,endpoint included,0.8539846833652148,False
53f9e2f11f8017f4000d,MIT Franka,0.0,endpoint excluded,0.3718678720805473,False
53f9e2f11f8017f4000d,MIT Franka,0.3,endpoint excluded,0.9599230588096862,False
53f9e2f11f8017f4000d,MIT Franka,0.5,endpoint excluded,0.9123218857958582,False
53f9e2f11f8017f4000d,MIT Franka,0.7,endpoint excluded,0.8054475893612096,False
53f9e2f11f8017f4000d,MIT Franka,1.0,endpoint excluded,0.6290317633425407,False
1521bace2d726b289763,MIT Franka,0.0,endpoint included,0.7458235861585694,False
1521bace2d726b289763,MIT Franka,0.3,endpoint included,0.8742207668162618,False
1521bace2d726b289763,MIT Franka,0.5,endpoint included,0.9077261123502983,False
1521bace2d726b289763,MIT Franka,0.7,endpoint included,0.8913608069991419,False
1521bace2d726b289763,MIT Franka,1.0,endpoint included,0.8553142529077421,False
1521bace2d726b289763,MIT Franka,0.0,endpoint excluded,0.7625256573724326,False
1521bace2d726b289763,MIT Franka,0.3,endpoint excluded,0.7624895047028559,False
1521bace2d726b289763,MIT Franka,0.5,endpoint excluded,0.7732356016981053,False
1521bace2d726b289763,MIT Franka,0.7,endpoint excluded,0.7363439345773992,False
1521bace2d726b289763,MIT Franka,1.0,endpoint excluded,0.6234218038834541,False
99a77e59bae9076ca85b,MIT Franka,0.0,endpoint included,0.7092081432669751,False
99a77e59bae9076ca85b,MIT Franka,0.3,endpoint included,0.8751975322825533,False
99a77e59bae9076ca85b,MIT Franka,0.5,endpoint included,0.8586661642938411,False
99a77e59bae9076ca85b,MIT Franka,0.7,endpoint included,0.8417534418174833,False
99a77e59bae9076ca85b,MIT Franka,1.0,endpoint included,0.8233594386922591,False
99a77e59bae9076ca85b,MIT Franka,0.0,endpoint excluded,0.16903085094570333,False
99a77e59bae9076ca85b,MIT Franka,0.3,endpoint excluded,0.7646338566312352,False
99a77e59bae9076ca85b,MIT Franka,0.5,endpoint excluded,0.8391677214086676,False
99a77e59bae9076ca85b,MIT Franka,0.7,endpoint excluded,0.8798170111345422,False
99a77e59bae9076ca85b,MIT Franka,1.0,endpoint excluded,0.9115284900365894,False
89e2f519c429fab670d5,MIT Franka,0.0,endpoint included,0.9024152756155459,False
89e2f519c429fab670d5,MIT Franka,0.3,endpoint included,0.9706233012796683,False
89e2f519c429fab670d5,MIT Franka,0.5,endpoint included,0.9696502566972873,False
89e2f519c429fab670d5,MIT Franka,0.7,endpoint included,0.9679851709860132,False
89e2f519c429fab670d5,MIT Franka,1.0,endpoint included,0.965595254041597,False
89e2f519c429fab670d5,MIT Franka,0.0,endpoint excluded,0.7751543219949097,False
89e2f519c429fab670d5,MIT Franka,0.3,endpoint excluded,0.9400015669611035,False
89e2f519c429fab670d5,MIT Franka,0.5,endpoint excluded,0.9437086525648803,False
89e2f519c429fab670d5,MIT Franka,0.7,endpoint excluded,0.9442318322558316,False
89e2f519c429fab670d5,MIT Franka,1.0,endpoint excluded,0.937151531258102,False
2906adec58d1d829f2e4,MIT Franka,0.0,endpoint included,0.9621404708847276,False
2906adec58d1d829f2e4,MIT Franka,0.3,endpoint included,0.9315857301370485,False
2906adec58d1d829f2e4,MIT Franka,0.5,endpoint included,0.8981176356637028,False
2906adec58d1d829f2e4,MIT Franka,0.7,endpoint included,0.8628309615467027,False
2906adec58d1d829f2e4,MIT Franka,1.0,endpoint included,0.7866706487006428,False
2906adec58d1d829f2e4,MIT Franka,0.0,endpoint excluded,0.9127665951067978,False
2906adec58d1d829f2e4,MIT Franka,0.3,endpoint excluded,0.8782495047836584,False
2906adec58d1d829f2e4,MIT Franka,0.5,endpoint excluded,0.7902534127243824,False
2906adec58d1d829f2e4,MIT Franka,0.7,endpoint excluded,0.6862088822525362,False
2906adec58d1d829f2e4,MIT Franka,1.0,endpoint excluded,0.3606887310750333,False
d32b6a2ef83db85aefd2,UTD SO101,0.0,endpoint included,0.9556611134271469,False
d32b6a2ef83db85aefd2,UTD SO101,0.3,endpoint included,0.9392445978550286,False
d32b6a2ef83db85aefd2,UTD SO101,0.5,endpoint included,0.9379785450264786,False
d32b6a2ef83db85aefd2,UTD SO101,0.7,endpoint included,0.936133308277219,False
d32b6a2ef83db85aefd2,UTD SO101,1.0,endpoint included,0.9220998378426191,False
d32b6a2ef83db85aefd2,UTD SO101,0.0,endpoint excluded,0.9496042317926183,False
d32b6a2ef83db85aefd2,UTD SO101,0.3,endpoint excluded,0.9355678944180046,False
d32b6a2ef83db85aefd2,UTD SO101,0.5,endpoint excluded,0.9302722292202623,False
d32b6a2ef83db85aefd2,UTD SO101,0.7,endpoint excluded,0.9267331639657832,False
d32b6a2ef83db85aefd2,UTD SO101,1.0,endpoint excluded,0.9192410030408988,False
2ca5fc0da88c83fe3045,UTD SO101,0.0,endpoint included,0.9657773535343985,False
2ca5fc0da88c83fe3045,UTD SO101,0.3,endpoint included,0.939600201373548,False
2ca5fc0da88c83fe3045,UTD SO101,0.5,endpoint included,0.9543937840814745,False
2ca5fc0da88c83fe3045,UTD SO101,0.7,endpoint included,0.962405144873444,False
2ca5fc0da88c83fe3045,UTD SO101,1.0,endpoint included,0.9646361125809305,False
2ca5fc0da88c83fe3045,UTD SO101,0.0,endpoint excluded,0.9344514582068895,False
2ca5fc0da88c83fe3045,UTD SO101,0.3,endpoint excluded,0.8995752080769273,False
2ca5fc0da88c83fe3045,UTD SO101,0.5,endpoint excluded,0.9196933519186918,False
2ca5fc0da88c83fe3045,UTD SO101,0.7,endpoint excluded,0.9309424748387444,False
2ca5fc0da88c83fe3045,UTD SO101,1.0,endpoint excluded,0.9367873812602605,False
71c3ff7896d0a7c33d5f,UTD SO101,0.0,endpoint included,0.9860781631381141,False
71c3ff7896d0a7c33d5f,UTD SO101,0.3,endpoint included,0.9857897927767779,False
71c3ff7896d0a7c33d5f,UTD SO101,0.5,endpoint included,0.9813362510446156,False
71c3ff7896d0a7c33d5f,UTD SO101,0.7,endpoint included,0.9767425156240253,False
71c3ff7896d0a7c33d5f,UTD SO101,1.0,endpoint included,0.9651317765001121,False
71c3ff7896d0a7c33d5f,UTD SO101,0.0,endpoint excluded,0.9949538529077978,False
71c3ff7896d0a7c33d5f,UTD SO101,0.3,endpoint excluded,0.9771851782994605,False
71c3ff7896d0a7c33d5f,UTD SO101,0.5,endpoint excluded,0.9655935804501332,False
71c3ff7896d0a7c33d5f,UTD SO101,0.7,endpoint excluded,0.954583197426002,False
71c3ff7896d0a7c33d5f,UTD SO101,1.0,endpoint excluded,0.9316019911097291,False
2d54a0612535c86396c7,UTD SO101,0.0,endpoint included,0.8399524650676613,False
2d54a0612535c86396c7,UTD SO101,0.3,endpoint included,0.9432589007680001,False
2d54a0612535c86396c7,UTD SO101,0.5,endpoint included,0.9436551619530333,False
2d54a0612535c86396c7,UTD SO101,0.7,endpoint included,0.9431776434553734,False
2d54a0612535c86396c7,UTD SO101,1.0,endpoint included,0.9398580724820511,False
2d54a0612535c86396c7,UTD SO101,0.0,endpoint excluded,0.7035129095749973,False
2d54a0612535c86396c7,UTD SO101,0.3,endpoint excluded,0.8901502208375011,False
2d54a0612535c86396c7,UTD SO101,0.5,endpoint excluded,0.8874445280706984,False
2d54a0612535c86396c7,UTD SO101,0.7,endpoint excluded,0.8848636254223574,False
2d54a0612535c86396c7,UTD SO101,1.0,endpoint excluded,0.8820024738640557,False
a078c19ccb0a2c0e04e2,UTD SO101,0.0,endpoint included,0.9803238855373813,False
a078c19ccb0a2c0e04e2,UTD SO101,0.3,endpoint included,0.9828401278124643,False
a078c19ccb0a2c0e04e2,UTD SO101,0.5,endpoint included,0.9877379416940111,False
a078c19ccb0a2c0e04e2,UTD SO101,0.7,endpoint included,0.9903418974340701,False
a078c19ccb0a2c0e04e2,UTD SO101,1.0,endpoint included,0.9904880962895692,False
a078c19ccb0a2c0e04e2,UTD SO101,0.0,endpoint excluded,0.998030118388666,False
a078c19ccb0a2c0e04e2,UTD SO101,0.3,endpoint excluded,0.9972157462060709,False
a078c19ccb0a2c0e04e2,UTD SO101,0.5,endpoint excluded,0.999111232650236,False
a078c19ccb0a2c0e04e2,UTD SO101,0.7,endpoint excluded,0.9998299106041645,False
a078c19ccb0a2c0e04e2,UTD SO101,1.0,endpoint excluded,0.9999787848678845,False
3a6df3b456ed9a18fab4,UTD SO101,0.0,endpoint included,0.9357889819441844,False
3a6df3b456ed9a18fab4,UTD SO101,0.3,endpoint included,0.9244787440012402,False
3a6df3b456ed9a18fab4,UTD SO101,0.5,endpoint included,0.9362116816464177,False
3a6df3b456ed9a18fab4,UTD SO101,0.7,endpoint included,0.9466516261330953,False
3a6df3b456ed9a18fab4,UTD SO101,1.0,endpoint included,0.9508255283749303,False
3a6df3b456ed9a18fab4,UTD SO101,0.0,endpoint excluded,0.9566407874060696,False
3a6df3b456ed9a18fab4,UTD SO101,0.3,endpoint excluded,0.933623388956756,False
3a6df3b456ed9a18fab4,UTD SO101,0.5,endpoint excluded,0.9444064618021042,False
3a6df3b456ed9a18fab4,UTD SO101,0.7,endpoint excluded,0.9555597754337931,False
3a6df3b456ed9a18fab4,UTD SO101,1.0,endpoint excluded,0.9687870519937904,False
410f46b61ad6d367eb3b,UTD SO101,0.0,endpoint included,0.9004633257035024,False
410f46b61ad6d367eb3b,UTD SO101,0.3,endpoint included,0.839404613144992,False
410f46b61ad6d367eb3b,UTD SO101,0.5,endpoint included,0.8375994019463193,False
410f46b61ad6d367eb3b,UTD SO101,0.7,endpoint included,0.8311363955114651,False
410f46b61ad6d367eb3b,UTD SO101,1.0,endpoint included,0.7938616253676647,False
410f46b61ad6d367eb3b,UTD SO101,0.0,endpoint excluded,0.8073355148937866,False
410f46b61ad6d367eb3b,UTD SO101,0.3,endpoint excluded,0.6824220767466815,False
410f46b61ad6d367eb3b,UTD SO101,0.5,endpoint excluded,0.6729470391050133,False
410f46b61ad6d367eb3b,UTD SO101,0.7,endpoint excluded,0.6547879663737073,False
410f46b61ad6d367eb3b,UTD SO101,1.0,endpoint excluded,0.5822406719170611,False
77af4507559b19303094,UTD SO101,0.0,endpoint included,0.9553785638966745,False
77af4507559b19303094,UTD SO101,0.3,endpoint included,0.9741792597526399,False
77af4507559b19303094,UTD SO101,0.5,endpoint included,0.9784583875342143,False
77af4507559b19303094,UTD SO101,0.7,endpoint included,0.9780646149934489,False
77af4507559b19303094,UTD SO101,1.0,endpoint included,0.9657015750141394,False
77af4507559b19303094,UTD SO101,0.0,endpoint excluded,0.9883864921620038,False
77af4507559b19303094,UTD SO101,0.3,endpoint excluded,0.9882498114441103,False
77af4507559b19303094,UTD SO101,0.5,endpoint excluded,0.9867791887103414,False
77af4507559b19303094,UTD SO101,0.7,endpoint excluded,0.9814976824372069,False
77af4507559b19303094,UTD SO101,1.0,endpoint excluded,0.9616349469807793,False
e5540d6ab7ba21c44ed6,UTD SO101,0.0,endpoint included,0.8875124793524992,False
e5540d6ab7ba21c44ed6,UTD SO101,0.3,endpoint included,0.941326092823272,False
e5540d6ab7ba21c44ed6,UTD SO101,0.5,endpoint included,0.9534773459864045,False
e5540d6ab7ba21c44ed6,UTD SO101,0.7,endpoint included,0.9609530236558574,False
e5540d6ab7ba21c44ed6,UTD SO101,1.0,endpoint included,0.9620161256353876,False
e5540d6ab7ba21c44ed6,UTD SO101,0.0,endpoint excluded,0.9001483889644164,False
e5540d6ab7ba21c44ed6,UTD SO101,0.3,endpoint excluded,0.9681148247424716,False
e5540d6ab7ba21c44ed6,UTD SO101,0.5,endpoint excluded,0.9781579559033365,False
e5540d6ab7ba21c44ed6,UTD SO101,0.7,endpoint excluded,0.9827857377951457,False
e5540d6ab7ba21c44ed6,UTD SO101,1.0,endpoint excluded,0.9828774630912369,False
4411a2fb8c2c5424465c,UTD SO101,0.0,endpoint included,0.8349388014494312,False
4411a2fb8c2c5424465c,UTD SO101,0.3,endpoint included,0.9344937237201258,False
4411a2fb8c2c5424465c,UTD SO101,0.5,endpoint included,0.9337820802253474,False
4411a2fb8c2c5424465c,UTD SO101,0.7,endpoint included,0.9332210038290578,False
4411a2fb8c2c5424465c,UTD SO101,1.0,endpoint included,0.9298330583570291,False
4411a2fb8c2c5424465c,UTD SO101,0.0,endpoint excluded,0.7152549416364471,False
4411a2fb8c2c5424465c,UTD SO101,0.3,endpoint excluded,0.8809791044061459,False
4411a2fb8c2c5424465c,UTD SO101,0.5,endpoint excluded,0.8755997436513211,False
4411a2fb8c2c5424465c,UTD SO101,0.7,endpoint excluded,0.8729925550945572,False
4411a2fb8c2c5424465c,UTD SO101,1.0,endpoint excluded,0.8723081984208704,False
0db5dfdfc68e9ee9c3b7,USC xArm,0.0,endpoint included,0.9491832955005008,False
0db5dfdfc68e9ee9c3b7,USC xArm,0.3,endpoint included,0.9306869723402262,False
0db5dfdfc68e9ee9c3b7,USC xArm,0.5,endpoint included,0.9242811077997798,False
0db5dfdfc68e9ee9c3b7,USC xArm,0.7,endpoint included,0.9169869920372794,False
0db5dfdfc68e9ee9c3b7,USC xArm,1.0,endpoint included,0.9007114604120048,False
0db5dfdfc68e9ee9c3b7,USC xArm,0.0,endpoint excluded,0.8981851584885447,False
0db5dfdfc68e9ee9c3b7,USC xArm,0.3,endpoint excluded,0.85643840043476,False
0db5dfdfc68e9ee9c3b7,USC xArm,0.5,endpoint excluded,0.8412381417023884,False
0db5dfdfc68e9ee9c3b7,USC xArm,0.7,endpoint excluded,0.8247982462696909,False
0db5dfdfc68e9ee9c3b7,USC xArm,1.0,endpoint excluded,0.7953783220274895,False
cf8a8e033889361c6172,USC xArm,0.0,endpoint included,0.8833096785389539,False
cf8a8e033889361c6172,USC xArm,0.3,endpoint included,0.9768475278341822,False
cf8a8e033889361c6172,USC xArm,0.5,endpoint included,0.9735734888592854,False
cf8a8e033889361c6172,USC xArm,0.7,endpoint included,0.9699362010968894,False
cf8a8e033889361c6172,USC xArm,1.0,endpoint included,0.9623411562838067,False
cf8a8e033889361c6172,USC xArm,0.0,endpoint excluded,0.8073355148937866,False
cf8a8e033889361c6172,USC xArm,0.3,endpoint excluded,0.9796357567042624,False
cf8a8e033889361c6172,USC xArm,0.5,endpoint excluded,0.9691731364384307,False
cf8a8e033889361c6172,USC xArm,0.7,endpoint excluded,0.9594005454611687,False
cf8a8e033889361c6172,USC xArm,1.0,endpoint excluded,0.9476309365384115,False
2778bccb75ac95d73c01,USC xArm,0.0,endpoint included,0.7461618779809138,False
2778bccb75ac95d73c01,USC xArm,0.3,endpoint included,0.9413607081003106,False
2778bccb75ac95d73c01,USC xArm,0.5,endpoint included,0.9207956968986621,False
2778bccb75ac95d73c01,USC xArm,0.7,endpoint included,0.8975343476508457,False
2778bccb75ac95d73c01,USC xArm,1.0,endpoint included,0.8487692445441919,False
2778bccb75ac95d73c01,USC xArm,0.0,endpoint excluded,0.23953910881463994,False
2778bccb75ac95d73c01,USC xArm,0.3,endpoint excluded,0.9897772857169524,False
2778bccb75ac95d73c01,USC xArm,0.5,endpoint excluded,0.944691073636845,False
2778bccb75ac95d73c01,USC xArm,0.7,endpoint excluded,0.8850652935993912,False
2778bccb75ac95d73c01,USC xArm,1.0,endpoint excluded,0.6787786256986419,False
838bba447445fc5c7c25,USC xArm,0.0,endpoint included,0.940720868383597,False
838bba447445fc5c7c25,USC xArm,0.3,endpoint included,0.9086110892633172,False
838bba447445fc5c7c25,USC xArm,0.5,endpoint included,0.9142314055153611,False
838bba447445fc5c7c25,USC xArm,0.7,endpoint included,0.9255142782850471,False
838bba447445fc5c7c25,USC xArm,1.0,endpoint included,0.9390434636094029,False
838bba447445fc5c7c25,USC xArm,0.0,endpoint excluded,0.9271547778575164,False
838bba447445fc5c7c25,USC xArm,0.3,endpoint excluded,0.910272392144653,False
838bba447445fc5c7c25,USC xArm,0.5,endpoint excluded,0.909562823290029,False
838bba447445fc5c7c25,USC xArm,0.7,endpoint excluded,0.9164378773494148,False
838bba447445fc5c7c25,USC xArm,1.0,endpoint excluded,0.9307004714671923,False
aeb1a3aa85990f74cd61,USC xArm,0.0,endpoint included,0.8013802663803854,False
aeb1a3aa85990f74cd61,USC xArm,0.3,endpoint included,0.7637614804667636,False
aeb1a3aa85990f74cd61,USC xArm,0.5,endpoint included,0.7930720441375957,False
aeb1a3aa85990f74cd61,USC xArm,0.7,endpoint included,0.8179078690476453,False
aeb1a3aa85990f74cd61,USC xArm,1.0,endpoint included,0.8373515999734146,False
aeb1a3aa85990f74cd61,USC xArm,0.0,endpoint excluded,0.8302241908013615,False
aeb1a3aa85990f74cd61,USC xArm,0.3,endpoint excluded,0.7814759617867715,False
aeb1a3aa85990f74cd61,USC xArm,0.5,endpoint excluded,0.7983339760244667,False
aeb1a3aa85990f74cd61,USC xArm,0.7,endpoint excluded,0.8122559702868478,False
aeb1a3aa85990f74cd61,USC xArm,1.0,endpoint excluded,0.8226332689460858,False
e76754be37846631ac2d,USC xArm,0.0,endpoint included,0.9183047326947369,False
e76754be37846631ac2d,USC xArm,0.3,endpoint included,0.9274588704413154,False
e76754be37846631ac2d,USC xArm,0.5,endpoint included,0.9246247296128751,False
e76754be37846631ac2d,USC xArm,0.7,endpoint included,0.9191096446282601,False
e76754be37846631ac2d,USC xArm,1.0,endpoint included,0.8940708189941368,False
e76754be37846631ac2d,USC xArm,0.0,endpoint excluded,0.9496042317926183,False
e76754be37846631ac2d,USC xArm,0.3,endpoint excluded,0.9640698855507495,False
e76754be37846631ac2d,USC xArm,0.5,endpoint excluded,0.9514157074497276,False
e76754be37846631ac2d,USC xArm,0.7,endpoint excluded,0.9355314720601466,False
e76754be37846631ac2d,USC xArm,1.0,endpoint excluded,0.893764648999926,False
8ecf15b7cf83d06ff70d,USC xArm,0.0,endpoint included,0.8353037177487934,False
8ecf15b7cf83d06ff70d,USC xArm,0.3,endpoint included,0.9545212421588469,False
8ecf15b7cf83d06ff70d,USC xArm,0.5,endpoint included,0.960849630886078,False
8ecf15b7cf83d06ff70d,USC xArm,0.7,endpoint included,0.9715029355297695,False
8ecf15b7cf83d06ff70d,USC xArm,1.0,endpoint included,0.9855488486034529,False
8ecf15b7cf83d06ff70d,USC xArm,0.0,endpoint excluded,0.7186173264439197,False
8ecf15b7cf83d06ff70d,USC xArm,0.3,endpoint excluded,0.9213264629687924,False
8ecf15b7cf83d06ff70d,USC xArm,0.5,endpoint excluded,0.9303514295203608,False
8ecf15b7cf83d06ff70d,USC xArm,0.7,endpoint excluded,0.946270284595846,False
8ecf15b7cf83d06ff70d,USC xArm,1.0,endpoint excluded,0.9704768266555699,False
685a0a8b393143ef0a70,USC xArm,0.0,endpoint included,0.9558938653052789,False
685a0a8b393143ef0a70,USC xArm,0.3,endpoint included,0.9859744114462703,False
685a0a8b393143ef0a70,USC xArm,0.5,endpoint included,0.9746932413266367,False
685a0a8b393143ef0a70,USC xArm,0.7,endpoint included,0.9591836805614279,False
685a0a8b393143ef0a70,USC xArm,1.0,endpoint included,0.9141919252852156,False
685a0a8b393143ef0a70,USC xArm,0.0,endpoint excluded,0.9670282541035465,False
685a0a8b393143ef0a70,USC xArm,0.3,endpoint excluded,0.9740906351366947,False
685a0a8b393143ef0a70,USC xArm,0.5,endpoint excluded,0.9466448906029048,False
685a0a8b393143ef0a70,USC xArm,0.7,endpoint excluded,0.9115586856310641,False
685a0a8b393143ef0a70,USC xArm,1.0,endpoint excluded,0.8147447295810171,False
b857841e7377b34b50b7,USC xArm,0.0,endpoint included,0.955389264793111,False
b857841e7377b34b50b7,USC xArm,0.3,endpoint included,0.9668783880629579,False
b857841e7377b34b50b7,USC xArm,0.5,endpoint included,0.972497466059869,False
b857841e7377b34b50b7,USC xArm,0.7,endpoint included,0.9749275135529384,False
b857841e7377b34b50b7,USC xArm,1.0,endpoint included,0.9723689035802713,False
b857841e7377b34b50b7,USC xArm,0.0,endpoint excluded,0.9555505650733638,False
b857841e7377b34b50b7,USC xArm,0.3,endpoint excluded,0.989888614397671,False
b857841e7377b34b50b7,USC xArm,0.5,endpoint excluded,0.9921048171343217,False
b857841e7377b34b50b7,USC xArm,0.7,endpoint excluded,0.9898412627648745,False
b857841e7377b34b50b7,USC xArm,1.0,endpoint excluded,0.9854668679552376,False
12f0864b72f4d72ba705,USC xArm,0.0,endpoint included,0.7959572024054702,False
12f0864b72f4d72ba705,USC xArm,0.3,endpoint included,0.9432501485350129,False
12f0864b72f4d72ba705,USC xArm,0.5,endpoint included,0.9569700762094554,False
12f0864b72f4d72ba705,USC xArm,0.7,endpoint included,0.954144981689178,False
12f0864b72f4d72ba705,USC xArm,1.0,endpoint included,0.9180505063122735,False
12f0864b72f4d72ba705,USC xArm,0.0,endpoint excluded,0.6229676388045929,False
12f0864b72f4d72ba705,USC xArm,0.3,endpoint excluded,0.8921303323408296,False
12f0864b72f4d72ba705,USC xArm,0.5,endpoint excluded,0.9145940486413144,False
12f0864b72f4d72ba705,USC xArm,0.7,endpoint excluded,0.9077661419108262,False
12f0864b72f4d72ba705,USC xArm,1.0,endpoint excluded,0.84847563088994,False
f564050b6f7e140da6e1,USC xArm,0.0,endpoint included,0.91868443364237,False
f564050b6f7e140da6e1,USC xArm,0.3,endpoint included,0.9443073296768258,False
f564050b6f7e140da6e1,USC xArm,0.5,endpoint included,0.9603576745061493,False
f564050b6f7e140da6e1,USC xArm,0.7,endpoint included,0.9699600282996205,False
f564050b6f7e140da6e1,USC xArm,1.0,endpoint included,0.9779890485817103,False
f564050b6f7e140da6e1,USC xArm,0.0,endpoint excluded,0.9369749612033813,False
f564050b6f7e140da6e1,USC xArm,0.3,endpoint excluded,0.9608900833598554,False
f564050b6f7e140da6e1,USC xArm,0.5,endpoint excluded,0.9692351963239614,False
f564050b6f7e140da6e1,USC xArm,0.7,endpoint excluded,0.9732455059207743,False
f564050b6f7e140da6e1,USC xArm,1.0,endpoint excluded,0.9757170965686253,False
04761ddcf3867c2cb656,USC Franka,0.0,endpoint included,0.8833096785389538,False
04761ddcf3867c2cb656,USC Franka,0.3,endpoint included,0.8981070649595257,False
04761ddcf3867c2cb656,USC Franka,0.5,endpoint included,0.9035926243089804,False
04761ddcf3867c2cb656,USC Franka,0.7,endpoint included,0.9103428465049683,False
04761ddcf3867c2cb656,USC Franka,1.0,endpoint included,0.9056651565401488,False
04761ddcf3867c2cb656,USC Franka,0.0,endpoint excluded,0.8073355148937866,False
04761ddcf3867c2cb656,USC Franka,0.3,endpoint excluded,0.78271373987317,False
04761ddcf3867c2cb656,USC Franka,0.5,endpoint excluded,0.7816439831736732,False
04761ddcf3867c2cb656,USC Franka,0.7,endpoint excluded,0.7972343580071808,False
04761ddcf3867c2cb656,USC Franka,1.0,endpoint excluded,0.7882383101047303,False
ba989543b10dfba901f1,USC Franka,0.0,endpoint included,0.729058672997288,False
ba989543b10dfba901f1,USC Franka,0.3,endpoint included,0.8548629618210756,False
ba989543b10dfba901f1,USC Franka,0.5,endpoint included,0.8737753563120323,False
ba989543b10dfba901f1,USC Franka,0.7,endpoint included,0.8852938972842368,False
ba989543b10dfba901f1,USC Franka,1.0,endpoint included,0.8973887438663658,False
ba989543b10dfba901f1,USC Franka,0.0,endpoint excluded,0.7181392242984723,False
ba989543b10dfba901f1,USC Franka,0.3,endpoint excluded,0.8788965509673965,False
ba989543b10dfba901f1,USC Franka,0.5,endpoint excluded,0.8999856591046052,False
ba989543b10dfba901f1,USC Franka,0.7,endpoint excluded,0.9161086032056577,False
ba989543b10dfba901f1,USC Franka,1.0,endpoint excluded,0.9401392820735777,False
83e2280a36599166c8ae,USC Franka,0.0,endpoint included,0.771542801985581,False
83e2280a36599166c8ae,USC Franka,0.3,endpoint included,0.9457108796970612,False
83e2280a36599166c8ae,USC Franka,0.5,endpoint included,0.9644021624454173,False
83e2280a36599166c8ae,USC Franka,0.7,endpoint included,0.9702233017174635,False
83e2280a36599166c8ae,USC Franka,1.0,endpoint included,0.9660581385301543,False
83e2280a36599166c8ae,USC Franka,0.0,endpoint excluded,0.7186173264439197,False
83e2280a36599166c8ae,USC Franka,0.3,endpoint excluded,0.9404569110111713,False
83e2280a36599166c8ae,USC Franka,0.5,endpoint excluded,0.9625485404335943,False
83e2280a36599166c8ae,USC Franka,0.7,endpoint excluded,0.9710973215840553,False
83e2280a36599166c8ae,USC Franka,1.0,endpoint excluded,0.9827925635310897,False
929dc4fdb66bae110742,USC Franka,0.0,endpoint included,0.7290586729972878,False
929dc4fdb66bae110742,USC Franka,0.3,endpoint included,0.9146172503114024,False
929dc4fdb66bae110742,USC Franka,0.5,endpoint included,0.9327519480482124,False
929dc4fdb66bae110742,USC Franka,0.7,endpoint included,0.9408156917534298,False
929dc4fdb66bae110742,USC Franka,1.0,endpoint included,0.9351980721655517,False
929dc4fdb66bae110742,USC Franka,0.0,endpoint excluded,0.0,True
929dc4fdb66bae110742,USC Franka,0.3,endpoint excluded,0.8249742332878809,False
929dc4fdb66bae110742,USC Franka,0.5,endpoint excluded,0.8591596194570394,False
929dc4fdb66bae110742,USC Franka,0.7,endpoint excluded,0.8776013134290794,False
929dc4fdb66bae110742,USC Franka,1.0,endpoint excluded,0.8887413658925807,False
8b5b221e00560bebc6c8,USC Franka,0.0,endpoint included,0.8717178059945494,False
8b5b221e00560bebc6c8,USC Franka,0.3,endpoint included,0.8819596425825385,False
8b5b221e00560bebc6c8,USC Franka,0.5,endpoint included,0.8819728911132321,False
8b5b221e00560bebc6c8,USC Franka,0.7,endpoint included,0.8869157268826304,False
8b5b221e00560bebc6c8,USC Franka,1.0,endpoint included,0.892604884661694,False
8b5b221e00560bebc6c8,USC Franka,0.0,endpoint excluded,0.8302241908013615,False
8b5b221e00560bebc6c8,USC Franka,0.3,endpoint excluded,0.8342315525584199,False
8b5b221e00560bebc6c8,USC Franka,0.5,endpoint excluded,0.8285709018251275,False
8b5b221e00560bebc6c8,USC Franka,0.7,endpoint excluded,0.8320984347975677,False
8b5b221e00560bebc6c8,USC Franka,1.0,endpoint excluded,0.8429959914835453,False
421f5de7add1bdb65463,USC Franka,0.0,endpoint included,0.9188697045410215,False
421f5de7add1bdb65463,USC Franka,0.3,endpoint included,0.9684368563037047,False
421f5de7add1bdb65463,USC Franka,0.5,endpoint included,0.9693112038767839,False
421f5de7add1bdb65463,USC Franka,0.7,endpoint included,0.9705901732502413,False
421f5de7add1bdb65463,USC Franka,1.0,endpoint included,0.9705208221148848,False
421f5de7add1bdb65463,USC Franka,0.0,endpoint excluded,0.8413272623521817,False
421f5de7add1bdb65463,USC Franka,0.3,endpoint excluded,0.9445882748672181,False
421f5de7add1bdb65463,USC Franka,0.5,endpoint excluded,0.9457372511116695,False
421f5de7add1bdb65463,USC Franka,0.7,endpoint excluded,0.9479787004498008,False
421f5de7add1bdb65463,USC Franka,1.0,endpoint excluded,0.9514419955295347,False
ef08b157dc6c28d51072,USC Franka,0.0,endpoint included,0.8833096785389538,False
ef08b157dc6c28d51072,USC Franka,0.3,endpoint included,0.9618110298436721,False
ef08b157dc6c28d51072,USC Franka,0.5,endpoint included,0.9656273777804523,False
ef08b157dc6c28d51072,USC Franka,0.7,endpoint included,0.9652182455611154,False
ef08b157dc6c28d51072,USC Franka,1.0,endpoint included,0.9575679522217229,False
ef08b157dc6c28d51072,USC Franka,0.0,endpoint excluded,0.8073355148937866,False
ef08b157dc6c28d51072,USC Franka,0.3,endpoint excluded,0.9819384257531962,False
ef08b157dc6c28d51072,USC Franka,0.5,endpoint excluded,0.9843289662423216,False
ef08b157dc6c28d51072,USC Franka,0.7,endpoint excluded,0.9817697437342343,False
ef08b157dc6c28d51072,USC Franka,1.0,endpoint excluded,0.9755554980710521,False
d824d7b304016c948e7d,USC Franka,0.0,endpoint included,0.8641072942228896,False
d824d7b304016c948e7d,USC Franka,0.3,endpoint included,0.9267258593870747,False
d824d7b304016c948e7d,USC Franka,0.5,endpoint included,0.9125455699774061,False
d824d7b304016c948e7d,USC Franka,0.7,endpoint included,0.8981486069117224,False
d824d7b304016c948e7d,USC Franka,1.0,endpoint included,0.8315936119405056,False
d824d7b304016c948e7d,USC Franka,0.0,endpoint excluded,0.9066200187087723,False
d824d7b304016c948e7d,USC Franka,0.3,endpoint excluded,0.9501749108566835,False
d824d7b304016c948e7d,USC Franka,0.5,endpoint excluded,0.9202618524320658,False
d824d7b304016c948e7d,USC Franka,0.7,endpoint excluded,0.9007012709546469,False
d824d7b304016c948e7d,USC Franka,1.0,endpoint excluded,0.8705711818961519,False
c80ded648068cf744b84,USC Koch,0.0,endpoint included,0.9405251877892369,False
c80ded648068cf744b84,USC Koch,0.3,endpoint included,0.9419999716518115,False
c80ded648068cf744b84,USC Koch,0.5,endpoint included,0.944816630837767,False
c80ded648068cf744b84,USC Koch,0.7,endpoint included,0.9474437313519839,False
c80ded648068cf744b84,USC Koch,1.0,endpoint included,0.9430434358695766,False
c80ded648068cf744b84,USC Koch,0.0,endpoint excluded,0.9855907683017209,False
c80ded648068cf744b84,USC Koch,0.3,endpoint excluded,0.982695600025379,False
c80ded648068cf744b84,USC Koch,0.5,endpoint excluded,0.9833414052280048,False
c80ded648068cf744b84,USC Koch,0.7,endpoint excluded,0.9854047133426894,False
c80ded648068cf744b84,USC Koch,1.0,endpoint excluded,0.9859322296406976,False
c5c10a4e7f73c3afbbb3,USC Koch,0.0,endpoint included,0.9086882225022427,False
c5c10a4e7f73c3afbbb3,USC Koch,0.3,endpoint included,0.9597353787139821,False
c5c10a4e7f73c3afbbb3,USC Koch,0.5,endpoint included,0.9678804905418914,False
c5c10a4e7f73c3afbbb3,USC Koch,0.7,endpoint included,0.9717710179847799,False
c5c10a4e7f73c3afbbb3,USC Koch,1.0,endpoint included,0.9646296315887082,False
c5c10a4e7f73c3afbbb3,USC Koch,0.0,endpoint excluded,0.9083737430941392,False
c5c10a4e7f73c3afbbb3,USC Koch,0.3,endpoint excluded,0.9757426897347388,False
c5c10a4e7f73c3afbbb3,USC Koch,0.5,endpoint excluded,0.9790766144223848,False
c5c10a4e7f73c3afbbb3,USC Koch,0.7,endpoint excluded,0.9812411374103249,False
c5c10a4e7f73c3afbbb3,USC Koch,1.0,endpoint excluded,0.9839423891035257,False
02634ae8607b18bde8ce,USC Koch,0.0,endpoint included,0.6340004114660578,False
02634ae8607b18bde8ce,USC Koch,0.3,endpoint included,0.6956739362932705,False
02634ae8607b18bde8ce,USC Koch,0.5,endpoint included,0.720505735528774,False
02634ae8607b18bde8ce,USC Koch,0.7,endpoint included,0.7307814674845837,False
02634ae8607b18bde8ce,USC Koch,1.0,endpoint included,0.7200616540476066,False
02634ae8607b18bde8ce,USC Koch,0.0,endpoint excluded,0.3588340908580242,False
02634ae8607b18bde8ce,USC Koch,0.3,endpoint excluded,0.38399312278239983,False
02634ae8607b18bde8ce,USC Koch,0.5,endpoint excluded,0.4216340409245664,False
02634ae8607b18bde8ce,USC Koch,0.7,endpoint excluded,0.4502200548423338,False
02634ae8607b18bde8ce,USC Koch,1.0,endpoint excluded,0.4879423228331385,False
bfdc31fbcfa977652ab5,USC Koch,0.0,endpoint included,0.9499999999999998,False
bfdc31fbcfa977652ab5,USC Koch,0.3,endpoint included,0.9363134264255228,False
bfdc31fbcfa977652ab5,USC Koch,0.5,endpoint included,0.9377845084187602,False
bfdc31fbcfa977652ab5,USC Koch,0.7,endpoint included,0.9435815794684985,False
bfdc31fbcfa977652ab5,USC Koch,1.0,endpoint included,0.94523626821018,False
bfdc31fbcfa977652ab5,USC Koch,0.0,endpoint excluded,0.9127665951067978,False
bfdc31fbcfa977652ab5,USC Koch,0.3,endpoint excluded,0.9009005842970842,False
bfdc31fbcfa977652ab5,USC Koch,0.5,endpoint excluded,0.9065920994254015,False
bfdc31fbcfa977652ab5,USC Koch,0.7,endpoint excluded,0.9183399714700562,False
bfdc31fbcfa977652ab5,USC Koch,1.0,endpoint excluded,0.9347733369948829,False
1f4c7ff71b4757bf4795,USC Koch,0.0,endpoint included,0.9609690621771017,False
1f4c7ff71b4757bf4795,USC Koch,0.3,endpoint included,0.9358741891399178,False
1f4c7ff71b4757bf4795,USC Koch,0.5,endpoint included,0.9201245694495409,False
1f4c7ff71b4757bf4795,USC Koch,0.7,endpoint included,0.9138328259338229,False
1f4c7ff71b4757bf4795,USC Koch,1.0,endpoint included,0.879792792175647,False
1f4c7ff71b4757bf4795,USC Koch,0.0,endpoint excluded,0.9083737430941392,False
1f4c7ff71b4757bf4795,USC Koch,0.3,endpoint excluded,0.8649818446581159,False
1f4c7ff71b4757bf4795,USC Koch,0.5,endpoint excluded,0.8458905287828105,False
1f4c7ff71b4757bf4795,USC Koch,0.7,endpoint excluded,0.8439605650834475,False
1f4c7ff71b4757bf4795,USC Koch,1.0,endpoint excluded,0.8271441381280988,False
da31ef67cd5ba86f5b5c,USC Koch,0.0,endpoint included,0.9831040161109641,False
da31ef67cd5ba86f5b5c,USC Koch,0.3,endpoint included,0.9902051053160947,False
da31ef67cd5ba86f5b5c,USC Koch,0.5,endpoint included,0.9901286297095756,False
da31ef67cd5ba86f5b5c,USC Koch,0.7,endpoint included,0.9899368660215705,False
da31ef67cd5ba86f5b5c,USC Koch,1.0,endpoint included,0.9875084622587897,False
da31ef67cd5ba86f5b5c,USC Koch,0.0,endpoint excluded,0.9880556503830986,False
da31ef67cd5ba86f5b5c,USC Koch,0.3,endpoint excluded,0.993393170130348,False
da31ef67cd5ba86f5b5c,USC Koch,0.5,endpoint excluded,0.9930150246315526,False
da31ef67cd5ba86f5b5c,USC Koch,0.7,endpoint excluded,0.9918661582506139,False
da31ef67cd5ba86f5b5c,USC Koch,1.0,endpoint excluded,0.989259875254821,False
18a46b14f47bd1a2f7a8,USC Koch,0.0,endpoint included,0.932278315280827,False
18a46b14f47bd1a2f7a8,USC Koch,0.3,endpoint included,0.9421214999084615,False
18a46b14f47bd1a2f7a8,USC Koch,0.5,endpoint included,0.9375241140310442,False
18a46b14f47bd1a2f7a8,USC Koch,0.7,endpoint included,0.9353611594775408,False
18a46b14f47bd1a2f7a8,USC Koch,1.0,endpoint included,0.9301062367076494,False
18a46b14f47bd1a2f7a8,USC Koch,0.0,endpoint excluded,0.9127665951067978,False
18a46b14f47bd1a2f7a8,USC Koch,0.3,endpoint excluded,0.9100292376252401,False
18a46b14f47bd1a2f7a8,USC Koch,0.5,endpoint excluded,0.8975403838853665,False
18a46b14f47bd1a2f7a8,USC Koch,0.7,endpoint excluded,0.8917384472125933,False
18a46b14f47bd1a2f7a8,USC Koch,1.0,endpoint excluded,0.8869295147170542,False
8ef5a3476d261a2c8100,USC Koch,0.0,endpoint included,0.9354143466934853,False
8ef5a3476d261a2c8100,USC Koch,0.3,endpoint included,0.8906677599546611,False
8ef5a3476d261a2c8100,USC Koch,0.5,endpoint included,0.8887042871804438,False
8ef5a3476d261a2c8100,USC Koch,0.7,endpoint included,0.8890156300759863,False
8ef5a3476d261a2c8100,USC Koch,1.0,endpoint included,0.8697510154595234,False
8ef5a3476d261a2c8100,USC Koch,0.0,endpoint excluded,0.8451542547285166,False
8ef5a3476d261a2c8100,USC Koch,0.3,endpoint excluded,0.7465353747570281,False
8ef5a3476d261a2c8100,USC Koch,0.5,endpoint excluded,0.74406455906299,False
8ef5a3476d261a2c8100,USC Koch,0.7,endpoint excluded,0.7447075472843819,False
8ef5a3476d261a2c8100,USC Koch,1.0,endpoint excluded,0.7132491097746877,False
3eb901fd819485824b5c,USC Koch,0.0,endpoint included,0.9615092303249095,False
3eb901fd819485824b5c,USC Koch,0.3,endpoint included,0.9839862272247413,False
3eb901fd819485824b5c,USC Koch,0.5,endpoint included,0.9839506680928642,False
3eb901fd819485824b5c,USC Koch,0.7,endpoint included,0.9826967407754209,False
3eb901fd819485824b5c,USC Koch,1.0,endpoint included,0.9600778335910913,False
3eb901fd819485824b5c,USC Koch,0.0,endpoint excluded,0.9887155513889936,False
3eb901fd819485824b5c,USC Koch,0.3,endpoint excluded,0.9760908268937905,False
3eb901fd819485824b5c,USC Koch,0.5,endpoint excluded,0.9746887874688288,False
3eb901fd819485824b5c,USC Koch,0.7,endpoint excluded,0.9731767037497137,False
3eb901fd819485824b5c,USC Koch,1.0,endpoint excluded,0.9689852697920969,False
80a411c894831a219e4c,USC Koch,0.0,endpoint included,0.9847881459012857,False
80a411c894831a219e4c,USC Koch,0.3,endpoint included,0.9848623998119196,False
80a411c894831a219e4c,USC Koch,0.5,endpoint included,0.9832817231330231,False
80a411c894831a219e4c,USC Koch,0.7,endpoint included,0.9810982414115934,False
80a411c894831a219e4c,USC Koch,1.0,endpoint included,0.9727782161648717,False
80a411c894831a219e4c,USC Koch,0.0,endpoint excluded,0.978829203593815,False
80a411c894831a219e4c,USC Koch,0.3,endpoint excluded,0.9904216090310944,False
80a411c894831a219e4c,USC Koch,0.5,endpoint excluded,0.9899252762772484,False
80a411c894831a219e4c,USC Koch,0.7,endpoint excluded,0.9861040030115227,False
80a411c894831a219e4c,USC Koch,1.0,endpoint excluded,0.9783428417640933,False
528d32c8617d3a1f7918,USC Koch,0.0,endpoint included,0.8404628730105161,False
528d32c8617d3a1f7918,USC Koch,0.3,endpoint included,0.9763234762836488,False
528d32c8617d3a1f7918,USC Koch,0.5,endpoint included,0.9823464435165481,False
528d32c8617d3a1f7918,USC Koch,0.7,endpoint included,0.9854973565662748,False
528d32c8617d3a1f7918,USC Koch,1.0,endpoint included,0.9874870024474645,False
528d32c8617d3a1f7918,USC Koch,0.0,endpoint excluded,0.7494400425374204,False
528d32c8617d3a1f7918,USC Koch,0.3,endpoint excluded,0.949817889323094,False
528d32c8617d3a1f7918,USC Koch,0.5,endpoint excluded,0.960490883307558,False
528d32c8617d3a1f7918,USC Koch,0.7,endpoint excluded,0.9665619926710298,False
528d32c8617d3a1f7918,USC Koch,1.0,endpoint excluded,0.9714270812865182,False
76b2491a9948ee46fffb,USC Koch,0.0,endpoint included,0.9545242295795162,False
76b2491a9948ee46fffb,USC Koch,0.3,endpoint included,0.970588600414832,False
76b2491a9948ee46fffb,USC Koch,0.5,endpoint included,0.9749730419119622,False
76b2491a9948ee46fffb,USC Koch,0.7,endpoint included,0.9755839048567848,False
76b2491a9948ee46fffb,USC Koch,1.0,endpoint included,0.9626968144731238,False
76b2491a9948ee46fffb,USC Koch,0.0,endpoint excluded,0.9575725875081895,False
76b2491a9948ee46fffb,USC Koch,0.3,endpoint excluded,0.9701095590504608,False
76b2491a9948ee46fffb,USC Koch,0.5,endpoint excluded,0.9738353984239555,False
76b2491a9948ee46fffb,USC Koch,0.7,endpoint excluded,0.9729659410783313,False
76b2491a9948ee46fffb,USC Koch,1.0,endpoint excluded,0.958533378244145,False
