episode_id,split,frame,time_fraction,reward,final_reward,nll_h1,first_code_nll_h1,nll_h3,first_code_nll_h3,nll_h5,first_code_nll_h5,dt_expected_bins,dt_entropy,dt_top_bin,dt_last_bin_mass,dt_valid_mass,calibrated_Constant,calibrated_DT,calibrated_S1,calibrated_S3,calibrated_S5,calibrated_Elapsed time,calibrated_DT + S1,calibrated_DT + S3,calibrated_DT + S5
episode_019e270e-c446-7199-8439-6431c74daad3,dev,24,0.03389830508474576,0.0,1.0,6.958056449890137,1.9513102769851685,6.84303092956543,1.9910444021224976,6.788896560668945,1.9877256155014038,65.96760559082031,4.7758612632751465,26,1.7162479082344362e-07,0.9314728379249573,0.3958333333333333,0.40747953067258413,0.4525714239156782,0.4514888776505777,0.4423241895849017,0.005948857024220822,0.4404450799702229,0.44024163151849627,0.43436651106711915
episode_019e270e-c446-7199-8439-6431c74daad3,dev,84,0.11864406779661017,0.0,1.0,8.408954620361328,2.512474536895752,8.32982063293457,2.5381417274475098,8.257346153259277,2.4889419078826904,176.0940399169922,5.626797199249268,26,2.6055909074784722e-06,0.7279222011566162,0.3958333333333333,0.0,0.323699913052777,0.3071100261073688,0.29335700542911625,0.06062152679587546,0.0,0.0,0.0
episode_019e270e-c446-7199-8439-6431c74daad3,dev,144,0.2033898305084746,0.0,1.0,8.10409927368164,2.3435122966766357,8.00537109375,2.2874584197998047,7.827846050262451,2.2474441528320312,58.08647155761719,4.600558280944824,17,1.2918239633563644e-07,0.9477307200431824,0.3958333333333333,0.4417268529816946,0.35077773968514914,0.3386166014791524,0.33692773557940653,0.1152941965675302,0.40416869020204993,0.3951551638047934,0.39342217633914583
episode_019e270e-c446-7199-8439-6431c74daad3,dev,210,0.2966101694915254,0.0,1.0,8.291629791259766,2.4249234199523926,7.958181381225586,2.268752336502075,7.777348518371582,2.232146739959717,54.20189666748047,4.538836479187012,17,1.0198693445317986e-07,0.9515957236289978,0.3958333333333333,0.45860720138535194,0.33412092556473005,0.3431990898320715,0.3420504685424973,0.17543413331635035,0.40718178388115794,0.4111863000776558,0.40960363261301846
episode_019e270e-c446-7199-8439-6431c74daad3,dev,270,0.3813559322033898,0.5,1.0,8.32960033416748,2.525162696838379,8.120735168457031,2.4696950912475586,7.914553642272949,2.376110076904297,77.25264739990234,4.869505405426025,26,3.75261464569121e-07,0.9049854278564453,0.3958333333333333,0.3584405900227775,0.33074831035823854,0.32741385197274775,0.32813166529418286,0.23010680308800502,0.3255854072239328,0.32330532280577556,0.3240836036701437
episode_019e270e-c446-7199-8439-6431c74daad3,dev,330,0.4661016949152542,0.5,1.0,8.071733474731445,2.4264652729034424,7.739501476287842,2.3720293045043945,7.553635597229004,2.3264622688293457,40.19924545288086,4.261055946350098,17,3.0417012908401375e-08,0.9737168550491333,0.3958333333333333,0.5194554634892696,0.3536525309667744,0.36443461053748405,0.36474507385277466,0.2847794728596597,0.46764754647049356,0.4719700789194176,0.4706269263267817
episode_019e270e-c446-7199-8439-6431c74daad3,dev,396,0.559322033898305,0.5,1.0,8.087604522705078,2.366814136505127,8.01626205444336,2.3580241203308105,7.889963150024414,2.309204339981079,43.19440841674805,4.332261085510254,17,3.087745170660128e-08,0.9715108871459961,0.3958333333333333,0.5064400381761462,0.3522428345642519,0.3375590044339575,0.3306262530592332,0.3449194096084799,0.4564395078349841,0.44478068378258623,0.4389286252695567
episode_019e270e-c446-7199-8439-6431c74daad3,dev,456,0.6440677966101694,0.5,1.0,7.601784706115723,2.269200086593628,7.40594482421875,2.149014711380005,7.421335220336914,2.147552490234375,51.818695068359375,4.484424591064453,17,8.162121645227671e-08,0.9563649296760559,0.3958333333333333,0.4689633598961488,0.39539426658423665,0.3968255574489427,0.37816631398781964,0.3995920793801346,0.4535968960264003,0.45330291683599017,0.4405393231490168
episode_019e270e-c446-7199-8439-6431c74daad3,dev,516,0.7288135593220338,0.5,1.0,7.84264612197876,2.3022255897521973,7.694057941436768,2.261476993560791,7.536499977111816,2.200119972229004,41.145057678222656,4.268641471862793,17,2.7966787996547282e-08,0.9747680425643921,0.3958333333333333,0.5153454539413147,0.37400050153402187,0.3688475314482182,0.36648340051410583,0.45426474915178927,0.4770701922468574,0.4715790429112765,0.46858931839884077
episode_019e270e-c446-7199-8439-6431c74daad3,dev,582,0.8220338983050848,1.0,1.0,7.606362342834473,2.256251811981201,7.58670711517334,2.2598795890808105,7.5015950202941895,2.19320011138916,22.181516647338867,3.613511800765991,11,1.7222733239563581e-09,0.994229257106781,0.3958333333333333,0.597751171071691,0.39498767226071135,0.379272132165459,0.3700243413515975,0.5144046859006094,0.5555516909587735,0.5422501556025234,0.5339058266731751
episode_019e270e-c446-7199-8439-6431c74daad3,dev,642,0.9067796610169492,1.0,1.0,7.597909450531006,2.2941951751708984,7.052342414855957,2.0783462524414062,6.792212009429932,2.017727851867676,10.191749572753906,2.8924641609191895,6,2.127789611172659e-10,0.9988998770713806,0.3958333333333333,0.6498524823404177,0.395738474091246,0.431163103405189,0.44198785317360845,0.569077355672264,0.5973682326193734,0.615710071817211,0.6196265680147053
episode_019e270e-c446-7199-8439-6431c74daad3,dev,708,1.0,1.0,1.0,0.20164810121059418,0.06851976364850998,0.9261542558670044,0.24282032251358032,0.9175853729248047,0.26871198415756226,1.9492993354797363,1.1068404912948608,1,3.3212030348117594e-11,0.9998747706413269,0.3958333333333333,0.6856698975377082,1.0,1.0,1.0,0.6292172924210844,1.0,1.0,1.0
episode_019e2061-8855-7cf1-bb20-a64ffac153ec,dev,24,0.01875,0.0,1.0,6.514288425445557,1.6037025451660156,6.300352573394775,1.597679615020752,6.190458297729492,1.5843617916107178,67.58338928222656,4.763564586639404,26,1.5416746634855372e-07,0.9408667087554932,0.3958333333333333,0.40045817249896815,0.4919877364776034,0.5041871695769528,0.503032887636916,0.005948857024220822,0.4594439609873716,0.4682621810846883,0.4676731608488177
episode_019e2061-8855-7cf1-bb20-a64ffac153ec,dev,138,0.1078125,0.0,1.0,8.72859001159668,2.562002420425415,8.608695983886719,2.539921283721924,8.44495964050293,2.5026350021362305,81.20637512207031,4.899710178375244,26,4.785777036886429e-07,0.8982304334640503,0.3958333333333333,0.34125973926537456,0.2953092949983226,0.2800290591064937,0.2743245149402641,0.10982692959036472,0.2898585792083349,0.27984948016781286,0.2766535932406458
episode_019e2061-8855-7cf1-bb20-a64ffac153ec,dev,252,0.196875,0.0,1.0,8.410062789916992,2.418241024017334,8.248534202575684,2.4646191596984863,8.163676261901855,2.444331407546997,99.42575073242188,5.085169315338135,26,9.030515570884745e-07,0.859011173248291,0.3958333333333333,0.2620877792188001,0.3236014833436236,0.31500357112901417,0.3028593676662014,0.21370500215650862,0.24466297907706383,0.24053258541639222,0.23424834078896112
episode_019e2061-8855-7cf1-bb20-a64ffac153ec,dev,366,0.2859375,0.0,1.0,8.787967681884766,2.529416561126709,8.487807273864746,2.3744020462036133,8.24836540222168,2.25661563873291,72.75125122070312,4.8129143714904785,26,3.130986385713186e-07,0.9122064709663391,0.3958333333333333,0.3780013239400737,0.2900352583792952,0.2917682936989592,0.29426805964604386,0.3175830747226525,0.31572963850170305,0.31586396083165097,0.31747660659693683
episode_019e2061-8855-7cf1-bb20-a64ffac153ec,dev,480,0.375,0.0,1.0,9.332414627075195,2.7024033069610596,8.826238632202148,2.6248817443847656,8.620773315429688,2.552952766418457,95.80288696289062,5.059085369110107,26,7.015315190983529e-07,0.8652898073196411,0.3958333333333333,0.27783086678391644,0.24167645426791123,0.25890397487011746,0.2564890589449923,0.42146114728879647,0.20608693326369606,0.21713011671176147,0.21675144309006253
episode_019e2061-8855-7cf1-bb20-a64ffac153ec,dev,594,0.4640625,0.0,1.0,8.560532569885254,2.451000690460205,8.510838508605957,2.4781723022460938,8.33212661743164,2.422617197036743,72.36235809326172,4.7910943031311035,26,3.0127176842142944e-07,0.9139084815979004,0.3958333333333333,0.3796912518391772,0.3102364738078953,0.28953178155872644,0.2857708851878562,0.5253392198549404,0.3296637323908614,0.3157566371183921,0.31335595705716923
episode_019e2061-8855-7cf1-bb20-a64ffac153ec,dev,708,0.553125,0.0,1.0,8.876985549926758,2.5408668518066406,8.345658302307129,2.4206037521362305,8.238621711730957,2.371560573577881,75.08604431152344,4.846014976501465,26,3.2959326290438185e-07,0.9083670377731323,0.3958333333333333,0.36785552370757735,0.2821285235154417,0.30557206515031515,0.29525651041957574,0.6292172924210844,0.30274889150086604,0.3167474473405708,0.3103423755538922
episode_019e2061-8855-7cf1-bb20-a64ffac153ec,dev,822,0.6421875,0.5,1.0,8.542024612426758,2.4566662311553955,8.252830505371094,2.4236698150634766,8.105588912963867,2.401468515396118,25.26862335205078,3.795140504837036,11,4.723160085262634e-09,0.9906139373779297,0.3958333333333333,0.5843362059317168,0.3118803854821985,0.31458636669043244,0.30875205124896077,0.7330953649872282,0.4930983151932644,0.49073045332098036,0.4846013265550516
episode_019e2061-8855-7cf1-bb20-a64ffac153ec,dev,936,0.73125,0.5,1.0,8.677594184875488,2.5443127155303955,8.026893615722656,2.3071584701538086,7.684253692626953,2.2075891494750977,54.236083984375,4.552958965301514,17,1.0919418969024264e-07,0.9494024515151978,0.3958333333333333,0.45845864103151984,0.299838840469545,0.33652659709071464,0.35149449312504205,0.8369734375533722,0.38569328062419317,0.4068319797062866,0.4155070761289754
episode_019e2061-8855-7cf1-bb20-a64ffac153ec,dev,1050,0.8203125,0.5,1.0,8.496790885925293,2.4403839111328125,7.954645156860352,2.339776039123535,7.788264274597168,2.292448043823242,46.74927520751953,4.39752197265625,17,5.202489461453297e-08,0.9640278220176697,0.3958333333333333,0.4909924302257428,0.3158981303486834,0.3435424847395656,0.3409431173088822,0.9408515101195161,0.42152362756440237,0.4365753980437867,0.43368068819896566
episode_019e2061-8855-7cf1-bb20-a64ffac153ec,dev,1164,0.909375,1.0,1.0,7.93765926361084,2.357548952102661,7.624233245849609,2.256927490234375,7.3476996421813965,2.1958794593811035,71.70525360107422,4.804079055786133,17,2.8636924298552913e-07,0.9143303036689758,0.3958333333333333,0.38254668726761937,0.36556125516707627,0.37562805281945416,0.3856362910213254,1.0,0.3664179548940272,0.3726706130705601,0.37916890941981
episode_019e2061-8855-7cf1-bb20-a64ffac153ec,dev,1278,0.9984375,1.0,1.0,0.8102905750274658,0.16372063755989075,0.8145488500595093,0.1291818618774414,0.6499527096748352,0.10604032874107361,1.6722826957702637,0.9397664666175842,1,2.753379121922528e-11,0.9999221563339233,0.3958333333333333,0.6868736682266913,0.9986275792333468,1.0,1.0,1.0,1.0,1.0,1.0
episode_019e258a-7513-71b7-adff-4bfea63390e6,dev,24,0.030379746835443037,0.0,1.0,6.563704490661621,1.6534268856048584,6.491280555725098,1.6981099843978882,6.484790802001953,1.663239598274231,99.08038330078125,5.100177764892578,26,6.423705940505897e-07,0.8717796802520752,0.3958333333333333,0.26358856701109434,0.4875985084015726,0.48564657654362187,0.47317426355595904,0.005948857024220822,0.3480857160098482,0.3501039324681577,0.3439105664734784
episode_019e258a-7513-71b7-adff-4bfea63390e6,dev,90,0.11392405063291139,0.0,1.0,8.784895896911621,2.563180685043335,8.443584442138672,2.553898811340332,8.267942428588867,2.498436689376831,241.8466339111328,5.960941314697266,26,3.3931175948964665e-06,0.6538809537887573,0.3958333333333333,0.0,0.29030810011181085,0.296062674835801,0.29228206400357915,0.06608879377304094,0.0,0.0,0.0
episode_019e258a-7513-71b7-adff-4bfea63390e6,dev,162,0.20506329113924052,0.0,1.0,8.728533744812012,2.543670892715454,8.640965461730957,2.6127638816833496,8.343810081481934,2.503725051879883,78.38523864746094,4.876813888549805,17,3.259883385453577e-07,0.9021082520484924,0.3958333333333333,0.3535189356851907,0.2953142927202159,0.27689544166181235,0.2845856536691581,0.1316959974990266,0.29959080700628843,0.2873870601017194,0.2925726060298108
episode_019e258a-7513-71b7-adff-4bfea63390e6,dev,228,0.28860759493670884,0.0,1.0,8.841573715209961,2.6042983531951904,8.78594970703125,2.567553997039795,8.553252220153809,2.4715685844421387,60.718963623046875,4.633398056030273,17,1.683187491607896e-07,0.9385761618614197,0.3958333333333333,0.43028740735608784,0.28527386943651273,0.2628163430637519,0.263338750950163,0.19183593424784676,0.354256655295673,0.3381101688923548,0.3377820199644615
episode_019e258a-7513-71b7-adff-4bfea63390e6,dev,300,0.379746835443038,0.0,1.0,8.613395690917969,2.533602237701416,8.612022399902344,2.571962356567383,8.256438255310059,2.4728660583496094,51.51676940917969,4.4966301918029785,17,7.805617485701077e-08,0.9580985307693481,0.3958333333333333,0.47027537226895644,0.3055410717355349,0.27970603822263734,0.2934491073314753,0.2574431379738324,0.39862587467885124,0.37991979957860134,0.38756694708441114
episode_019e258a-7513-71b7-adff-4bfea63390e6,dev,366,0.46329113924050636,0.5,1.0,8.56645679473877,2.430400848388672,8.626684188842773,2.5566701889038086,8.553221702575684,2.5772345066070557,43.48518371582031,4.349802494049072,17,3.521033065112533e-08,0.9708915948867798,0.3958333333333333,0.5051764794871427,0.309710272987533,0.27828226440715337,0.26334184681242717,0.3175830747226525,0.4289229796387562,0.406141693004443,0.3950923752738161
episode_019e258a-7513-71b7-adff-4bfea63390e6,dev,438,0.5544303797468354,0.5,1.0,9.011115074157715,2.6674747467041016,9.053520202636719,2.6984548568725586,8.758647918701172,2.5926976203918457,38.12663650512695,4.200964450836182,17,2.5756843768931503e-08,0.9756351113319397,0.3958333333333333,0.5284619473728619,0.27021488630039725,0.23683316550015712,0.24250234021825762,0.3831902784486382,0.42278228723161293,0.3979084941316106,0.3996338298433875
episode_019e258a-7513-71b7-adff-4bfea63390e6,dev,504,0.6379746835443038,0.5,1.0,8.695630073547363,2.526543140411377,8.203550338745117,2.355719804763794,8.06390380859375,2.318387031555176,70.30384826660156,4.765769004821777,26,2.528421987335605e-07,0.928605318069458,0.3958333333333333,0.3886364682525883,0.2982368588348554,0.319371854406142,0.31298080561042474,0.44333021519745835,0.3292825494193098,0.3416657670040867,0.3375376474340573
episode_019e258a-7513-71b7-adff-4bfea63390e6,dev,576,0.7291139240506329,0.5,1.0,8.734685897827148,2.614650249481201,8.177471160888672,2.4397239685058594,7.910686492919922,2.3666741847991943,28.7268009185791,3.8977832794189453,17,5.460828678138796e-09,0.9889660477638245,0.3958333333333333,0.5693087592185821,0.2947678468908281,0.32190434554431197,0.3285239690904706,0.5089374189234439,0.47050473815865956,0.4836995025969189,0.4856990705349144
episode_019e258a-7513-71b7-adff-4bfea63390e6,dev,642,0.8126582278481013,0.5,1.0,8.316844940185547,2.4429755210876465,8.248796463012695,2.472921133041382,7.958128929138184,2.387617826461792,18.16181182861328,3.418896436691284,11,7.998369189188281e-10,0.9963022470474243,0.3958333333333333,0.6152187240830219,0.3318812684993116,0.314978103599467,0.32371116096373187,0.569077355672264,0.5300752761849769,0.5149823016069762,0.5177649636324984
episode_019e258a-7513-71b7-adff-4bfea63390e6,dev,714,0.9037974683544304,1.0,1.0,8.040616989135742,2.314725399017334,7.841642379760742,2.2785463333129883,7.317455291748047,2.066243886947632,47.68152618408203,4.465373992919922,17,5.81335726224097e-08,0.9606099724769592,0.3958333333333333,0.4869413508337656,0.3564163558809375,0.3545159338708474,0.388704435643661,0.6346845593982497,0.4435666789548781,0.44039789060940937,0.46101108262090545
episode_019e258a-7513-71b7-adff-4bfea63390e6,dev,786,0.9949367088607595,1.0,1.0,1.028401255607605,0.27383172512054443,1.0450445413589478,0.29567793011665344,1.0704642534255981,0.29052725434303284,2.063352584838867,1.2419605255126953,1,3.40668777909503e-11,0.9998838901519775,0.3958333333333333,0.6851742812501602,0.9792545773826586,1.0,1.0,0.7002917631242354,0.9891497223563458,1.0,1.0
episode_019e3d01-3a03-706c-84e2-61080e75aa7b,dev,24,0.031331592689295036,0.0,1.0,6.58255672454834,1.783916711807251,6.485518455505371,1.7876536846160889,6.369052886962891,1.757142424583435,136.3614959716797,5.185878753662109,76,1.750172032188857e-06,0.7968630790710449,0.3958333333333333,0.1015841808017659,0.4859240174458543,0.4862061213200726,0.48491532119282177,0.005948857024220822,0.21847237007777182,0.22454384126263102,0.22741839838535655
episode_019e3d01-3a03-706c-84e2-61080e75aa7b,dev,90,0.1174934725848564,0.0,1.0,8.746015548706055,2.5532937049865723,8.767335891723633,2.6369376182556152,8.526246070861816,2.5497422218322754,143.8737335205078,5.379263877868652,26,2.3288796455744887e-06,0.7657784223556519,0.3958333333333333,0.06893989134882345,0.293761525940103,0.26462388939721204,0.26607839556256146,0.06608879377304094,0.07277595189364902,0.05840634860631089,0.06300867388210775
episode_019e3d01-3a03-706c-84e2-61080e75aa7b,dev,156,0.20365535248041775,0.0,1.0,8.539669036865234,2.444960355758667,8.39345932006836,2.465669631958008,8.171363830566406,2.4013237953186035,178.4717559814453,5.5518951416015625,26,3.5636765005619964e-06,0.7078691720962524,0.3958333333333333,0.0,0.31208961214451253,0.3009302143012516,0.302079500612718,0.12622873052186112,0.0,0.0,0.0
episode_019e3d01-3a03-706c-84e2-61080e75aa7b,dev,222,0.2898172323759791,0.0,1.0,8.352023124694824,2.404154062271118,8.144018173217773,2.3029379844665527,7.948919296264648,2.24804949760437,140.07989501953125,5.308147430419922,69,2.20211018131522e-06,0.7810429334640503,0.3958333333333333,0.08542594645006496,0.32875667583017054,0.3251528910041498,0.3246454341476408,0.1863686672706813,0.10767468319875735,0.10967233137962981,0.11293969269931599
episode_019e3d01-3a03-706c-84e2-61080e75aa7b,dev,288,0.37597911227154046,0.5,1.0,8.199859619140625,2.3522069454193115,8.169219970703125,2.314101457595825,7.978396415710449,2.2826309204101562,91.81285095214844,4.916948318481445,52,6.527789651045168e-07,0.8950938582420349,0.3958333333333333,0.295169494538393,0.34227212526560313,0.32270560032846485,0.3216551214375403,0.24650860401950145,0.2825560219752,0.27113775852340405,0.27153936359598396
episode_019e3d01-3a03-706c-84e2-61080e75aa7b,dev,354,0.4621409921671018,0.5,1.0,8.289292335510254,2.4306716918945312,8.010238647460938,2.38955020904541,8.016862869262695,2.382915735244751,193.99432373046875,5.628539562225342,76,3.6769611142517533e-06,0.6838261485099792,0.3958333333333333,0.0,0.3343285427911801,0.33814392413075706,0.3177528837992505,0.3066485407683216,0.0,0.0,0.0
episode_019e3d01-3a03-706c-84e2-61080e75aa7b,dev,426,0.556135770234987,0.5,1.0,8.157864570617676,2.4746627807617188,7.86480712890625,2.3336572647094727,7.653128147125244,2.2729172706604004,41.184478759765625,4.26031494140625,17,2.935778553592172e-08,0.9748088717460632,0.3958333333333333,0.5151741503599154,0.346002204648194,0.3522664564428452,0.35465203077025553,0.3722557444943072,0.45948079757654364,0.4609123916378553,0.46092003742518084
episode_019e3d01-3a03-706c-84e2-61080e75aa7b,dev,492,0.6422976501305483,0.5,1.0,7.775320529937744,2.2646803855895996,7.610204696655273,2.197578191757202,7.457900524139404,2.111971378326416,49.27936553955078,4.429252624511719,17,5.3506354902310704e-08,0.9649369716644287,0.3958333333333333,0.47999796944038015,0.37998048754727,0.37699033412723154,0.37445693889401793,0.43239568124312733,0.4527455865703473,0.44927862636325067,0.44662011089305403
episode_019e3d01-3a03-706c-84e2-61080e75aa7b,dev,558,0.7284595300261096,0.5,1.0,8.230676651000977,2.375234842300415,8.18807601928711,2.3399672508239746,7.976731300354004,2.267885208129883,55.745445251464844,4.536348342895508,17,1.1608550209984969e-07,0.9501787424087524,0.3958333333333333,0.45189973953623536,0.33953489839677065,0.320874531258623,0.32182403942232907,0.49253561799194756,0.40523356167181324,0.3917908351588979,0.39158380354245953
episode_019e3d01-3a03-706c-84e2-61080e75aa7b,dev,624,0.814621409921671,1.0,1.0,7.631638526916504,2.1255788803100586,7.656227111816406,2.1585216522216797,7.600274085998535,2.1336264610290527,50.52002716064453,4.4144287109375,25,7.172570803959388e-08,0.963809609413147,0.3958333333333333,0.47460669729158356,0.3927425939376459,0.3725211994330969,0.36001382234755763,0.5526755547407677,0.45642256004068277,0.44224921815517626,0.4332922444025203
episode_019e3d01-3a03-706c-84e2-61080e75aa7b,dev,690,0.9007832898172323,1.0,1.0,7.702075481414795,2.371117115020752,7.055316925048828,2.024223566055298,6.809417247772217,1.88462233543396,26.217605590820312,3.8501157760620117,11,3.428888284418008e-09,0.9911524057388306,0.3958333333333333,0.5802124211489889,0.3864862508451267,0.430874255315525,0.44024246407648715,0.6128154914895878,0.5363330571179503,0.5613998489284678,0.5652229069066468
episode_019e3d01-3a03-706c-84e2-61080e75aa7b,dev,762,0.9947780678851175,1.0,1.0,1.738313913345337,0.4484620988368988,1.781483769416809,0.43564003705978394,1.8241393566131592,0.4368479251861572,1.318123698234558,0.6235545873641968,1,1.3766284986949096e-11,0.9999751448631287,0.3958333333333333,0.688412659606127,0.9161987967322165,0.9430044997712201,0.9459750499462152,0.6784226952155734,0.9524123433084886,0.9708393913364028,0.9702429008624424
episode_019e3c1d-21c6-7f26-a06b-d82de993e049,test,24,0.030495552731893267,0.0,1.0,6.605882167816162,1.7540135383605957,6.552891731262207,1.838617205619812,6.374389171600342,1.7753729820251465,75.01667785644531,4.9018120765686035,26,2.730329811129195e-07,0.9177188873291016,0.3958333333333333,0.36815695435632567,0.4838522075996161,0.47966365189320387,0.484373980652223,0.005948857024220822,0.4287376629433765,0.42757740183715703,0.4310665985268119
episode_019e3c1d-21c6-7f26-a06b-d82de993e049,test,90,0.11435832274459974,0.0,1.0,8.18583869934082,2.468132495880127,8.367011070251465,2.453516960144043,8.272034645080566,2.4010536670684814,46.06074142456055,4.389830589294434,17,5.080859111217251e-08,0.9669578671455383,0.3958333333333333,0.4939844410564638,0.3435174897957008,0.3034985451991843,0.2918669282230932,0.06608879377304094,0.4411153645429208,0.4134620642934518,0.40470209680668956
episode_019e3c1d-21c6-7f26-a06b-d82de993e049,test,162,0.20584498094027953,0.0,1.0,8.608989715576172,2.568641185760498,8.439935684204102,2.5316359996795654,8.248525619506836,2.478954553604126,97.22236633300781,5.05735445022583,26,8.394790711463429e-07,0.8639169931411743,0.3958333333333333,0.27166254541103674,0.305932418771928,0.29641699762870083,0.294251806369157,0.1316959974990266,0.24124722327508416,0.23616688634052516,0.23609118182204758
episode_019e3c1d-21c6-7f26-a06b-d82de993e049,test,228,0.289707750952986,0.0,1.0,8.550511360168457,2.4216601848602295,8.533026695251465,2.409146785736084,8.31173038482666,2.38393235206604,102.7750244140625,5.118613243103027,26,9.564577112541883e-07,0.8528525829315186,0.3958333333333333,0.24753357232505582,0.3111265765478127,0.28737713594983805,0.28783998538297473,0.19183593424784676,0.2253359582793923,0.21167021327366586,0.2135414375020122
episode_019e3c1d-21c6-7f26-a06b-d82de993e049,test,300,0.3811944091486658,0.5,1.0,8.378721237182617,2.498033046722412,8.184764862060547,2.4783287048339844,8.184632301330566,2.468414068222046,54.62633514404297,4.559316158294678,17,9.45979792277285e-08,0.9526901245117188,0.3958333333333333,0.45676281182847034,0.3263852991453601,0.32119607039530573,0.30073347774767456,0.2574431379738324,0.40089584611533363,0.3957748525340314,0.3818676816311787
episode_019e3c1d-21c6-7f26-a06b-d82de993e049,test,366,0.4650571791613723,0.5,1.0,8.069804191589355,2.351006031036377,7.852139949798584,2.2402989864349365,7.701494216918945,2.2302956581115723,34.1702880859375,4.080702781677246,17,1.2089224732392267e-08,0.9838704466819763,0.3958333333333333,0.5456541863207449,0.35382389353271015,0.3534965381199732,0.3497455244371778,0.3175830747226525,0.4885461335580563,0.4853839942251759,0.4811185777460396
episode_019e3c1d-21c6-7f26-a06b-d82de993e049,test,438,0.5565438373570522,0.5,1.0,8.568883895874023,2.5351579189300537,8.318910598754883,2.4150586128234863,8.186400413513184,2.298099994659424,57.401695251464844,4.60093355178833,17,1.2031055973693583e-07,0.9455093145370483,0.3958333333333333,0.4447025357663852,0.3094946932889139,0.3081694753365308,0.3005541112277442,0.3831902784486382,0.3807954148932574,0.3781257350566434,0.3725243517409799
episode_019e3c1d-21c6-7f26-a06b-d82de993e049,test,504,0.6404066073697586,0.5,1.0,8.234260559082031,2.309997081756592,8.10908317565918,2.2825772762298584,7.971038818359375,2.262968063354492,35.012664794921875,4.151544094085693,17,1.5251810481231587e-08,0.982265830039978,0.3958333333333333,0.5419936538977795,0.3392165689243106,0.32854535115822864,0.3224015144802924,0.44333021519745835,0.47653522656496666,0.46668808501859854,0.4608955246730678
episode_019e3c1d-21c6-7f26-a06b-d82de993e049,test,576,0.7318932655654383,0.5,1.0,8.238410949707031,2.343733072280884,8.113802909851074,2.2968645095825195,7.950952053070068,2.2522897720336914,42.55680465698242,4.306044578552246,17,3.524883496197617e-08,0.9707682132720947,0.3958333333333333,0.509210733532195,0.3388479234043144,0.32808702823557806,0.3244392206971384,0.5089374189234439,0.45028832403518665,0.4409168764373583,0.4371069008794591
episode_019e3c1d-21c6-7f26-a06b-d82de993e049,test,642,0.8157560355781448,1.0,1.0,7.918808937072754,2.2866549491882324,7.960636615753174,2.3028206825256348,7.886532783508301,2.320223331451416,28.437047958374023,3.8862273693084717,17,4.816077314728773e-09,0.989506721496582,0.3958333333333333,0.5705678753529299,0.3672355767084931,0.34296066745091086,0.330974247326865,0.569077355672264,0.5166785834767277,0.4980546435672295,0.48822376165250575
episode_019e3c1d-21c6-7f26-a06b-d82de993e049,test,714,0.9072426937738246,1.0,1.0,8.459223747253418,2.4455254077911377,8.176393508911133,2.3199410438537598,7.753961563110352,2.158151388168335,21.434856414794922,3.6538634300231934,8,2.9385109900914586e-09,0.9925790429115295,0.3958333333333333,0.6009957693149891,0.31923491443041424,0.32200899393845117,0.34442296323950444,0.6346845593982497,0.5109042668726866,0.5083942509947575,0.5200771741626472
episode_019e3c1d-21c6-7f26-a06b-d82de993e049,test,786,0.9987293519695044,1.0,1.0,1.3351335525512695,0.30661770701408386,1.2231254577636719,0.2713279724121094,1.3604680299758911,0.3076445460319519,1.3911157846450806,0.698122501373291,1,1.4290882713319242e-11,0.9999632835388184,0.3958333333333333,0.6880954738434202,0.9520100364892474,0.997225437408471,0.9930122872143254,0.7002917631242354,0.9744844594754426,1.0,0.9999692953308889
episode_019e3bfb-1ac2-7fd0-916c-12998d58fa5f,test,24,0.03129074315514994,0.0,1.0,5.8865580558776855,1.5262198448181152,5.777129173278809,1.5386983156204224,5.710251808166504,1.5148899555206299,95.21363830566406,5.0708160400390625,26,6.482570142907207e-07,0.8737456798553467,0.3958333333333333,0.28039143593541543,0.5477439313554748,0.5549962338569201,0.5517475380576675,0.005948857024220822,0.39891393390851226,0.40721967795148656,0.40683071886339656
episode_019e3bfb-1ac2-7fd0-916c-12998d58fa5f,test,90,0.11734028683181226,0.0,1.0,7.80696964263916,2.2928824424743652,7.579022407531738,2.23384428024292,7.388269901275635,2.2113616466522217,138.99224853515625,5.418705940246582,26,1.2645680271816673e-06,0.7947407364845276,0.3958333333333333,0.0901522941497529,0.37716935368942167,0.3800183770857901,0.38152063237819933,0.06608879377304094,0.1416048601423448,0.14820037438714606,0.15279373828707427
episode_019e3bfb-1ac2-7fd0-916c-12998d58fa5f,test,156,0.2033898305084746,0.0,1.0,7.668015480041504,2.2941126823425293,7.5128984451293945,2.2118043899536133,7.3927435874938965,2.147677183151245,68.10321044921875,4.752845287322998,26,2.755016055289161e-07,0.9245051145553589,0.3958333333333333,0.3981992992233611,0.38951152438003167,0.386439528462816,0.38106679831941126,0.12622873052186112,0.393770145977087,0.3917046160206404,0.3882355820111141
episode_019e3bfb-1ac2-7fd0-916c-12998d58fa5f,test,222,0.2894393741851369,0.0,1.0,7.721400737762451,2.282137393951416,7.7116594314575195,2.2001829147338867,7.562795639038086,2.1534342765808105,106.73432159423828,5.175091743469238,26,8.181773409887683e-07,0.846638023853302,0.3958333333333333,0.23032851959079564,0.3847697451426441,0.3671382897788101,0.36381583144504503,0.1863686672706813,0.25758905620726463,0.24896793773546208,0.24878233038843695
episode_019e3bfb-1ac2-7fd0-916c-12998d58fa5f,test,288,0.3754889178617992,0.0,1.0,7.846255779266357,2.269829273223877,7.692452430725098,2.2325305938720703,7.480490684509277,2.138747215270996,24.180299758911133,3.643533706665039,17,1.342416067195984e-09,0.9950045347213745,0.3958333333333333,0.5890654959950294,0.373679884968492,0.369003439033646,0.37216527522581433,0.24650860401950145,0.5353758404481156,0.5289759181296716,0.5286232355672835
episode_019e3bfb-1ac2-7fd0-916c-12998d58fa5f,test,354,0.46153846153846156,0.5,1.0,7.831989765167236,2.160569190979004,7.723029136657715,2.162726402282715,7.564753532409668,2.1320579051971436,48.7383918762207,4.456924915313721,17,7.102094912170287e-08,0.9601455926895142,0.3958333333333333,0.48234876049795533,0.3749470192363284,0.3660342029160418,0.3636172125316594,0.3066485407683216,0.45147347586456843,0.4441456110049323,0.4415126584212463
episode_019e3bfb-1ac2-7fd0-916c-12998d58fa5f,test,426,0.5554106910039114,0.5,1.0,7.920259475708008,2.1830615997314453,7.750110626220703,2.1212613582611084,7.6124267578125,2.072429656982422,55.982933044433594,4.563403129577637,17,1.258844690710248e-07,0.9485518336296082,0.3958333333333333,0.4508677407203271,0.367106737132226,0.3634043795104025,0.35878099194654794,0.3722557444943072,0.4216021510946379,0.4180067902676456,0.41434067924834495
episode_019e3bfb-1ac2-7fd0-916c-12998d58fa5f,test,492,0.6414602346805737,0.5,1.0,7.723268508911133,2.1208338737487793,7.641479969024658,2.0479884147644043,7.597426414489746,2.039961099624634,45.31560516357422,4.33464241027832,17,4.8642231575968253e-08,0.9691883325576782,0.3958333333333333,0.49722241690951907,0.38460384618793075,0.3739532617718335,0.360302704995083,0.43239568124312733,0.4692972961667165,0.46073670799923844,0.45078283654316353
episode_019e3bfb-1ac2-7fd0-916c-12998d58fa5f,test,558,0.727509778357236,0.5,1.0,7.67051362991333,2.2512574195861816,7.532282829284668,2.210826873779297,7.2156243324279785,2.080120086669922,23.041858673095703,3.6696200370788574,11,1.8379860966533101e-09,0.9938478469848633,0.3958333333333333,0.5940125706966645,0.3892896339986828,0.3845571538970864,0.3990346991721721,0.49253561799194756,0.5490326564270969,0.5427018140178136,0.5495284310304649
episode_019e3bfb-1ac2-7fd0-916c-12998d58fa5f,test,624,0.8135593220338984,1.0,1.0,7.504303455352783,2.1884279251098633,7.525775909423828,2.1900720596313477,7.232847690582275,2.0618128776550293,26.8035945892334,3.8188881874084473,17,3.916256652303218e-09,0.9908745288848877,0.3958333333333333,0.57766601678463,0.4040527350572829,0.3851890264574511,0.39728747190683145,0.5526755547407677,0.5452626975350989,0.5303981040768897,0.5359061138884205
episode_019e3bfb-1ac2-7fd0-916c-12998d58fa5f,test,690,0.8996088657105606,1.0,1.0,7.400627613067627,2.1556077003479004,7.008370399475098,2.003974199295044,6.550210475921631,1.86967134475708,25.02663803100586,3.826150417327881,8,5.10601827485857e-09,0.9896547794342041,0.3958333333333333,0.5853877486727721,0.4132614188279247,0.43543312832286396,0.4665377506913851,0.6128154914895878,0.5571312642877965,0.5683184256358728,0.5859369677973307
episode_019e3bfb-1ac2-7fd0-916c-12998d58fa5f,test,762,0.9934810951760105,1.0,1.0,0.7247462272644043,0.18371891975402832,0.9568485617637634,0.23890581727027893,1.0199388265609741,0.23177139461040497,1.7877662181854248,1.0471200942993164,1,2.95405158667883e-11,0.9999151825904846,0.3958333333333333,0.6863718367140078,1.0,1.0,1.0,0.6784226952155734,1.0,1.0,1.0
episode_019e2a8d-69f8-7a1a-a3da-afbfb77b1682,test,24,0.022388059701492536,0.0,1.0,5.787627696990967,1.453207015991211,5.8482747077941895,1.5010418891906738,5.778906345367432,1.4941731691360474,95.46343994140625,4.974460601806641,52,6.733622512911097e-07,0.8849846124649048,0.3958333333333333,0.27930592754327754,0.556531112344062,0.5480874487459647,0.5447828637930916,0.005948857024220822,0.4035301665881111,0.4019870181882331,0.40156259557365814
episode_019e2a8d-69f8-7a1a-a3da-afbfb77b1682,test,114,0.10634328358208955,0.0,1.0,8.304340362548828,2.215076446533203,8.217077255249023,2.2448039054870605,8.083686828613281,2.247666835784912,124.7995376586914,5.257320404052734,26,1.7947015749086859e-06,0.8036956787109375,0.3958333333333333,0.15182645700227315,0.33299194865974147,0.31805828553669846,0.3109739128976769,0.08795786168170283,0.16301145205492262,0.15677415245895293,0.15504163930055778
episode_019e2a8d-69f8-7a1a-a3da-afbfb77b1682,test,210,0.1958955223880597,0.0,1.0,8.296470642089844,2.1964659690856934,8.199515342712402,2.2308223247528076,8.167224884033203,2.21942138671875,187.4725799560547,5.631069183349609,26,3.736781764018815e-06,0.696155846118927,0.3958333333333333,0.0,0.333690952067602,0.31976368392437493,0.30249937693229595,0.17543413331635035,0.0,0.0,0.0
episode_019e2a8d-69f8-7a1a-a3da-afbfb77b1682,test,306,0.28544776119402987,0.0,1.0,8.938129425048828,2.5936973094940186,8.351140975952148,2.34496808052063,7.826520919799805,2.2009904384613037,88.68242645263672,4.985905647277832,26,6.193615718075307e-07,0.8791486024856567,0.3958333333333333,0.3087726963552184,0.2766976092532542,0.30503965486898194,0.3370621637236585,0.2629104049509978,0.2524742305393335,0.2704879525638657,0.2917655084955993
episode_019e2a8d-69f8-7a1a-a3da-afbfb77b1682,test,402,0.375,0.0,1.0,8.22845458984375,2.335357427597046,8.14720630645752,2.3229095935821533,8.053359031677246,2.2830162048339844,79.84837341308594,4.885558128356934,26,4.883053748017119e-07,0.8983265161514282,0.3958333333333333,0.3471609105978216,0.3397322660579819,0.32484329845405463,0.31405052276839107,0.3503866765856454,0.32223403225070735,0.31290535283633336,0.3064802979158566
episode_019e2a8d-69f8-7a1a-a3da-afbfb77b1682,test,498,0.46455223880597013,0.5,1.0,8.367077827453613,2.331132650375366,8.112028121948242,2.219022750854492,7.932723045349121,2.159633159637451,87.68397521972656,4.975688934326172,26,6.408054105122574e-07,0.8792188167572021,0.3958333333333333,0.31311144773786753,0.32741948874867677,0.3282593739537136,0.326288466298653,0.4378629482202929,0.2875363034114671,0.2886110429341183,0.2882213993460632
episode_019e2a8d-69f8-7a1a-a3da-afbfb77b1682,test,588,0.5485074626865671,0.5,1.0,8.157706260681152,2.2289164066314697,7.9599199295043945,2.2217836380004883,7.718439102172852,2.0948429107666016,45.118377685546875,4.3782148361206055,17,4.717643165008667e-08,0.9669884443283081,0.3958333333333333,0.49807946527080293,0.3460162660352159,0.34303026326347336,0.3480265469149977,0.5198719528777749,0.44592292251277005,0.44175829260379534,0.44361710463071574
episode_019e2a8d-69f8-7a1a-a3da-afbfb77b1682,test,684,0.6380597014925373,0.5,1.0,8.415087699890137,2.336113452911377,8.086808204650879,2.1811861991882324,7.885998249053955,2.1043546199798584,93.70030212402344,5.031355857849121,26,7.165526199059968e-07,0.8653021454811096,0.3958333333333333,0.28696761034842955,0.3231551613664039,0.3307084242041672,0.3310284732893358,0.6073482245124224,0.2641298214274131,0.26984694057970515,0.2712350244801218
episode_019e2a8d-69f8-7a1a-a3da-afbfb77b1682,test,780,0.7276119402985075,0.5,1.0,8.37496566772461,2.334156036376953,8.158346176147461,2.3079938888549805,8.048318862915039,2.26847505569458,85.35066223144531,4.946282386779785,26,5.691608748747967e-07,0.8890647888183594,0.3958333333333333,0.3232508162121306,0.32671887590495224,0.32376153040808947,0.31456182377045777,0.69482449614707,0.2951463385779907,0.2936343614952649,0.28850901961159464
episode_019e2a8d-69f8-7a1a-a3da-afbfb77b1682,test,876,0.8171641791044776,0.5,1.0,8.23006820678711,2.2917137145996094,8.054353713989258,2.2275938987731934,7.764784812927246,2.1183555126190186,58.25337219238281,4.6227006912231445,17,1.2297327600663266e-07,0.9456534385681152,0.3958333333333333,0.4410015893574075,0.33958894155893926,0.3338600078333291,0.3433249963383776,0.7823007677817173,0.3966182885620364,0.39156972802397655,0.3969430983492735
episode_019e2a8d-69f8-7a1a-a3da-afbfb77b1682,test,972,0.9067164179104478,1.0,1.0,7.90957498550415,2.2262539863586426,7.767108917236328,2.161170482635498,7.572403907775879,2.0966134071350098,40.877899169921875,4.253755569458008,17,2.2815120459540594e-08,0.975896954536438,0.3958333333333333,0.5165063863024256,0.36805575369547927,0.3617537131589529,0.3628411185603104,0.8697770394163649,0.4742857198049272,0.4679748500082925,0.4671570853712893
episode_019e2a8d-69f8-7a1a-a3da-afbfb77b1682,test,1068,0.996268656716418,1.0,1.0,0.6052173972129822,0.18863718211650848,0.589674174785614,0.15968555212020874,0.5804006457328796,0.1633061319589615,1.9455699920654297,1.1430325508117676,1,3.2457838500254965e-11,0.9998900890350342,0.3958333333333333,0.6856861033306021,1.0,1.0,1.0,0.9572533110510124,1.0,1.0,1.0
episode_019e2262-668e-7921-b3c7-e9a6cf932323,test,24,0.036923076923076927,0.0,1.0,6.742666244506836,1.7539801597595215,6.679353713989258,1.7210726737976074,6.478440761566162,1.674968957901001,138.21905517578125,5.381807327270508,26,1.7003823131744866e-06,0.7856425642967224,0.3958333333333333,0.09351219160540081,0.47170278803050236,0.46738320914556164,0.47381844477114565,0.005948857024220822,0.20320113614420507,0.20631231845096717,0.21417114050739094
episode_019e2262-668e-7921-b3c7-e9a6cf932323,test,78,0.12,0.0,1.0,8.603906631469727,2.4542627334594727,8.445143699645996,2.4334969520568848,8.244584083557129,2.3720650672912598,227.75636291503906,5.888147830963135,26,3.5854463931173086e-06,0.6679068803787231,0.3958333333333333,0.0,0.30638390788534253,0.2959112587964933,0.2946516563297136,0.05515425981871003,0.0,0.0,0.0
episode_019e2262-668e-7921-b3c7-e9a6cf932323,test,132,0.20307692307692307,0.0,1.0,8.839210510253906,2.428741931915283,8.510018348693848,2.375304698944092,8.126220703125,2.2672696113586426,254.87380981445312,6.043771743774414,26,3.6003857530886307e-06,0.6528006792068481,0.3958333333333333,0.0,0.2854837737560326,0.2896114254693103,0.3066590548669907,0.10435966261319923,0.0,0.0,0.0
episode_019e2262-668e-7921-b3c7-e9a6cf932323,test,192,0.2953846153846154,0.0,1.0,8.88247013092041,2.5140209197998047,8.64078140258789,2.4411983489990234,8.422592163085938,2.3759405612945557,320.56256103515625,6.300136566162109,26,4.3234385884716175e-06,0.6039844155311584,0.3958333333333333,0.0,0.28164137269156797,0.27691331523709456,0.27659358848850885,0.15903233238485392,0.0,0.0,0.0
episode_019e2262-668e-7921-b3c7-e9a6cf932323,test,246,0.37846153846153846,0.5,1.0,9.003766059875488,2.610761880874634,8.922391891479492,2.60927152633667,8.729955673217773,2.5128390789031982,142.1763916015625,5.4031171798706055,26,2.184285904149874e-06,0.7717850208282471,0.3958333333333333,0.07631565929313011,0.27086763960395677,0.24956674505534218,0.24541303122075145,0.20823773517934316,0.0643580081414211,0.05457366089188219,0.05548628476877189
episode_019e2262-668e-7921-b3c7-e9a6cf932323,test,306,0.4707692307692308,0.5,1.0,8.623641967773438,2.5471858978271484,8.233137130737305,2.431215286254883,8.14468765258789,2.3657212257385254,81.8768310546875,4.917540550231934,26,5.053828431300644e-07,0.8935238718986511,0.3958333333333333,0.33834628539926087,0.3046309781080441,0.3164987466364285,0.3047856712143851,0.2629104049509978,0.2933573178315065,0.3007532456401497,0.29383199165327756
episode_019e2262-668e-7921-b3c7-e9a6cf932323,test,360,0.5538461538461539,0.5,1.0,8.586655616760254,2.3933305740356445,8.425519943237305,2.3632421493530273,8.309625625610352,2.3394360542297363,202.65869140625,5.784990310668945,26,3.123216401945683e-06,0.6981291770935059,0.3958333333333333,0.0,0.3079161755349777,0.29781687827100967,0.28805350313350664,0.3121158077454871,0.0,0.0,0.0
episode_019e2262-668e-7921-b3c7-e9a6cf932323,test,420,0.6461538461538462,0.5,1.0,8.235352516174316,2.2607812881469727,8.014124870300293,2.2109344005584717,7.70554256439209,2.0808262825012207,86.51500701904297,4.95436954498291,26,5.952736046310747e-07,0.8822488188743591,0.3958333333333333,0.31819117745306447,0.33911957923671976,0.3377665416474673,0.34933483895869655,0.3667884775171418,0.2988612123773134,0.29859883528400005,0.30679230447130773
episode_019e2262-668e-7921-b3c7-e9a6cf932323,test,474,0.7292307692307692,0.5,1.0,8.665534973144531,2.4180245399475098,8.509023666381836,2.336432695388794,8.04463005065918,2.192078113555908,69.23170471191406,4.755630016326904,26,2.9134810120012844e-07,0.9229869246482849,0.3958333333333333,0.3932954482577913,0.30090996239058193,0.2897080168631928,0.3149360361216393,0.415993880311631,0.33464634388556713,0.3264422585996052,0.3423486498598475
episode_019e2262-668e-7921-b3c7-e9a6cf932323,test,534,0.8215384615384616,1.0,1.0,8.286322593688965,2.308405637741089,8.24960708618164,2.346334457397461,8.135263442993164,2.2828822135925293,42.765869140625,4.301888465881348,17,3.677672921753583e-08,0.970000684261322,0.3958333333333333,0.5083022476817413,0.33459232085856716,0.3148993857808667,0.305741712179839,0.4706665500832857,0.44691449652485693,0.43183301678801506,0.42449883146301404
episode_019e2262-668e-7921-b3c7-e9a6cf932323,test,588,0.9046153846153846,1.0,1.0,8.191720962524414,2.27119517326355,7.786156177520752,2.1128172874450684,7.651119232177734,2.089186668395996,51.610382080078125,4.48486852645874,17,8.895764835870068e-08,0.9542289972305298,0.3958333333333333,0.4698685801373966,0.34299501608997085,0.3599040759448412,0.35485582557836404,0.5198719528777749,0.42165089904629743,0.4305512684829225,0.4263800849862328
episode_019e2262-668e-7921-b3c7-e9a6cf932323,test,648,0.9969230769230769,1.0,1.0,2.760467052459717,0.6030927896499634,2.6137442588806152,0.6412143111228943,2.618699073791504,0.6729876399040222,2.0185012817382812,1.2308186292648315,1,2.659789055670103e-11,0.9999033212661743,0.3958333333333333,0.6853691817589954,0.8254092278625087,0.862185528950207,0.8653707688670919,0.5745446226494296,0.8934010164853569,0.9171317882449135,0.9165580068953929
episode_019e26fc-ddf4-70ac-9383-698200cac6b3,test,24,0.03625377643504532,0.0,1.0,7.357661247253418,1.8971548080444336,7.372891902923584,1.9518836736679077,7.163155555725098,1.9072585105895996,174.058349609375,5.580114364624023,26,2.5955564524338115e-06,0.7240415811538696,0.3958333333333333,0.0,0.41707777244353855,0.4000352533500713,0.4043574054883891,0.005948857024220822,0.045552070476253814,0.0424821174095901,0.050736743389063234
episode_019e26fc-ddf4-70ac-9383-698200cac6b3,test,78,0.11782477341389729,0.0,1.0,9.095719337463379,2.7709426879882812,8.991167068481445,2.7634434700012207,8.779365539550781,2.730802536010742,282.85137939453125,6.181732177734375,26,2.997381443492486e-06,0.645828366279602,0.3958333333333333,0.0,0.2627001761301426,0.24288814010689402,0.24040063672366957,0.05515425981871003,0.0,0.0,0.0
episode_019e26fc-ddf4-70ac-9383-698200cac6b3,test,138,0.2084592145015106,0.0,1.0,8.870882987976074,2.6083383560180664,8.699728012084961,2.561939239501953,8.468144416809082,2.4847412109375,135.8443145751953,5.397027015686035,26,1.5384177913801977e-06,0.7907098531723022,0.3958333333333333,0.10383158300341044,0.28267056457299133,0.2711891406868757,0.27197253033075713,0.10982692959036472,0.09355277689945822,0.08969613528593823,0.09346468311311909
episode_019e26fc-ddf4-70ac-9383-698200cac6b3,test,192,0.29003021148036257,0.0,1.0,8.704856872558594,2.5438733100891113,8.590919494628906,2.5331950187683105,8.394988059997559,2.4613757133483887,137.4549102783203,5.396864891052246,26,1.7134145764430286e-06,0.7857999205589294,0.3958333333333333,0.09683276913700395,0.2974173171514997,0.28175529456379966,0.27939389265214587,0.15903233238485392,0.09719115649479662,0.09096880042078483,0.09283730298792266
episode_019e26fc-ddf4-70ac-9383-698200cac6b3,test,252,0.3806646525679758,0.5,1.0,8.85092544555664,2.550107955932617,8.673572540283203,2.519347667694092,8.596761703491211,2.489589214324951,126.62213134765625,5.324009895324707,26,1.3855461702405591e-06,0.8059749603271484,0.3958333333333333,0.14390640980582153,0.2844432311164109,0.27372904056091396,0.2589249220727191,0.21370500215650862,0.12646189565287125,0.12245724165865299,0.11581858627646331
episode_019e26fc-ddf4-70ac-9383-698200cac6b3,test,312,0.47129909365558914,0.5,1.0,8.847517967224121,2.5744571685791016,8.714258193969727,2.507340908050537,8.443094253540039,2.4383997917175293,86.00794982910156,4.963805198669434,26,5.038597237216891e-07,0.8853714466094971,0.3958333333333333,0.3203945851022575,0.28474588976598497,0.2697781469407645,0.2745137495211615,0.2683776719281633,0.26671466321335235,0.2571202153395837,0.2608072358179665
episode_019e26fc-ddf4-70ac-9383-698200cac6b3,test,366,0.552870090634441,0.5,1.0,8.701297760009766,2.5080862045288086,8.273826599121094,2.3909034729003906,8.170625686645508,2.343287467956543,139.46173095703125,5.408698558807373,26,1.7915942862600787e-06,0.7825254201889038,0.3958333333333333,0.08811216696086405,0.29773344423804066,0.3125474825794857,0.30215438178123255,0.3175830747226525,0.09046740013339442,0.10375228252608894,0.10066544581771143
episode_019e26fc-ddf4-70ac-9383-698200cac6b3,test,426,0.6435045317220544,0.5,1.0,8.532048225402832,2.4674761295318604,8.47123908996582,2.405344247817993,8.32420539855957,2.3639354705810547,50.70243835449219,4.492223739624023,17,7.045093042279404e-08,0.958877682685852,0.3958333333333333,0.4738140328194186,0.31276650698603137,0.29337719330195144,0.28657445493679967,0.3722557444943072,0.4059383749451146,0.3913550867708837,0.3858947956399109
episode_019e26fc-ddf4-70ac-9383-698200cac6b3,test,486,0.7341389728096677,0.5,1.0,8.512657165527344,2.57912540435791,8.183714866638184,2.448542356491089,7.989607810974121,2.380274772644043,58.050113677978516,4.609379768371582,17,1.261382749362383e-07,0.943459689617157,0.3958333333333333,0.44188484547582246,0.31448885748191463,0.3212980331226928,0.3205177790382411,0.4269284142659619,0.3816724850008925,0.3842759435606712,0.3830877044411918
episode_019e26fc-ddf4-70ac-9383-698200cac6b3,test,540,0.8157099697885196,1.0,1.0,8.107187271118164,2.344240188598633,8.134098052978516,2.298909902572632,8.045188903808594,2.2495458126068115,17.30713653564453,3.377957820892334,8,1.1316249048931581e-09,0.9962102174758911,0.3958333333333333,0.618932699775431,0.35050345793107107,0.326116211885421,0.3148793431439267,0.4761338170604511,0.5446313640293731,0.5249446738945006,0.514979990359117
episode_019e26fc-ddf4-70ac-9383-698200cac6b3,test,600,0.9063444108761329,1.0,1.0,8.351993560791016,2.5872936248779297,7.554181098937988,2.2717361450195312,7.4023613929748535,2.1754350662231445,14.265355110168457,3.246157169342041,6,1.1807685940112833e-09,0.9964975118637085,0.3958333333333333,0.6321507047520327,0.3287593017518433,0.3824306614844974,0.3800911179777191,0.5308064868321059,0.5415666349170515,0.5709932214106263,0.5666437556544917
episode_019e26fc-ddf4-70ac-9383-698200cac6b3,test,660,0.9969788519637462,1.0,1.0,2.4290668964385986,0.5619192123413086,2.737971305847168,0.597633957862854,2.47699236869812,0.5485902428627014,1.494812250137329,0.7746783494949341,1,2.3130388229763987e-11,0.9999435544013977,0.3958333333333333,0.6876448627687872,0.8548448145052108,0.8501221158589057,0.8797462359857953,0.5854791566037605,0.9135564526813806,0.9112369684923136,0.9274585853323346
episode_019e27bf-8328-73db-8263-d9e213c96c49,test,24,0.03858520900321544,0.0,1.0,7.12131929397583,1.836574912071228,6.784480094909668,1.6420769691467285,6.699733257293701,1.6188126802444458,95.44551086425781,4.975449562072754,52,6.99147733485006e-07,0.8870351314544678,0.3958333333333333,0.2793838380167222,0.43807011030642284,0.4571746193834799,0.45136938003669524,0.005948857024220822,0.32974634163312416,0.3442931137453015,0.34210511942509125
episode_019e27bf-8328-73db-8263-d9e213c96c49,test,78,0.12540192926045016,0.0,1.0,9.079543113708496,2.47204852104187,8.988029479980469,2.488020896911621,8.84929370880127,2.434764862060547,64.94438171386719,4.729804039001465,26,1.6501043376138114e-07,0.9360027313232422,0.3958333333333333,0.41192593112215864,0.2641369788209001,0.24319282436947645,0.23330675858241248,0.05515425981871003,0.3265084527908009,0.3113726881653256,0.3045965533368823
episode_019e27bf-8328-73db-8263-d9e213c96c49,test,132,0.21221864951768488,0.0,1.0,9.243782997131348,2.4937541484832764,9.07214641571045,2.4251832962036133,8.816619873046875,2.3656585216522217,56.5329475402832,4.613894939422607,17,9.113306731478588e-08,0.9525091052055359,0.3958333333333333,0.44847766289210006,0.24954888273571735,0.2350244152471184,0.2366213628646847,0.10435966261319923,0.34642268741013377,0.3345928213222537,0.33467938580900003
episode_019e27bf-8328-73db-8263-d9e213c96c49,test,186,0.2990353697749196,0.0,1.0,8.808772087097168,2.3167595863342285,8.754673957824707,2.3231942653656006,8.512237548828125,2.2696409225463867,92.45834350585938,4.951493263244629,52,7.842115223866131e-07,0.8866336345672607,0.3958333333333333,0.29236451857402856,0.28818737188602356,0.26585346172374913,0.267499493087511,0.15356506540768847,0.2466148477283541,0.23284100721124734,0.23488837139342633
episode_019e27bf-8328-73db-8263-d9e213c96c49,test,240,0.3858520900321543,0.0,1.0,9.268767356872559,2.4014971256256104,8.929967880249023,2.479140520095825,8.72439956665039,2.3820509910583496,99.70818328857422,5.0179338455200195,52,1.0812813115990139e-06,0.8683167695999146,0.3958333333333333,0.26086047376499294,0.2473297248007766,0.2488310575836234,0.2459766716442218,0.2027704682021777,0.19614304193522905,0.19754107371021898,0.1970671377572782
episode_019e27bf-8328-73db-8263-d9e213c96c49,test,294,0.47266881028938906,0.5,1.0,8.765922546386719,2.3153669834136963,8.776403427124023,2.3119983673095703,8.612011909484863,2.279170513153076,91.12803649902344,4.863903045654297,52,6.949497901587165e-07,0.9029821753501892,0.3958333333333333,0.2981453430900483,0.2919933488756724,0.26374336113926866,0.2573778616518962,0.2519758709966669,0.2535751628408627,0.23599357928160947,0.23286325421241943
episode_019e27bf-8328-73db-8263-d9e213c96c49,test,348,0.5594855305466238,0.5,1.0,9.098777770996094,2.4740586280822754,8.943659782409668,2.4383997917175293,8.779709815979004,2.4029805660247803,55.59666061401367,4.570875644683838,26,1.0204901457200322e-07,0.9532319903373718,0.3958333333333333,0.45254628042895045,0.26242852029773733,0.24750146732286474,0.2403657115275019,0.3011812737911561,0.35768046054100483,0.34568142857019396,0.34017852878177746
episode_019e27bf-8328-73db-8263-d9e213c96c49,test,402,0.6463022508038585,0.5,1.0,8.75507926940918,2.2243764400482178,8.712211608886719,2.201338529586792,8.261305809020996,2.0644054412841797,42.29315948486328,4.303999900817871,17,3.164600670402251e-08,0.9725587368011475,0.3958333333333333,0.5103563987558501,0.29295646917952295,0.26997688628043076,0.29295531730034025,0.3503866765856454,0.4225899474799792,0.40489152810510803,0.4179240844835565
episode_019e27bf-8328-73db-8263-d9e213c96c49,test,456,0.7331189710610932,0.5,1.0,9.023963928222656,2.3426241874694824,8.728267669677734,2.2754931449890137,8.381314277648926,2.179424285888672,42.62607192993164,4.309488296508789,17,3.637392609334711e-08,0.9707708358764648,0.3958333333333333,0.5089097338775551,0.2690736268585522,0.2684177178169542,0.2807810324378853,0.3995920793801346,0.40655387630896367,0.40277663133836095,0.40906035786650435
episode_019e27bf-8328-73db-8263-d9e213c96c49,test,510,0.819935691318328,1.0,1.0,8.418291091918945,2.0575180053710938,8.414047241210938,2.1411287784576416,8.35879135131836,2.1239733695983887,20.378795623779297,3.5611138343811035,11,1.3170515789084902e-09,0.9951124787330627,0.3958333333333333,0.6055848619678427,0.32287063004708694,0.2989309669272001,0.28306587553453816,0.4487974821746238,0.5168126660442978,0.49730021079554215,0.48449613635604044
episode_019e27bf-8328-73db-8263-d9e213c96c49,test,564,0.9067524115755627,1.0,1.0,8.072357177734375,2.051546335220337,7.501095771789551,1.8322854042053223,7.357934951782227,1.7649226188659668,11.137131690979004,3.0377800464630127,6,3.6197889130562544e-10,0.998508870601654,0.3958333333333333,0.6457443418149906,0.3535971324901941,0.38758565990163674,0.3845979678416317,0.49800288496911305,0.5678380714551441,0.5848335092023705,0.5799176758087935
episode_019e27bf-8328-73db-8263-d9e213c96c49,test,618,0.9935691318327974,1.0,1.0,1.7552884817123413,0.3904568552970886,1.7992908954620361,0.4375053644180298,1.912715196609497,0.44627079367637634,1.2765707969665527,0.5445351600646973,1,1.6209082687179688e-11,0.9999712109565735,0.3958333333333333,0.6885932269707484,0.9146910835679005,0.9412752892434171,0.9369894548430069,0.5472082877636023,0.9516157736601069,0.9698812140627746,0.9646560324472139
episode_019e1d6a-4038-7013-bffe-e69df784231a,test,24,0.03902439024390244,0.0,1.0,5.926663398742676,1.494208812713623,5.836891174316406,1.477074384689331,5.675694465637207,1.4384194612503052,62.167457580566406,4.6651458740234375,25,9.813077639364565e-08,0.9526407718658447,0.3958333333333333,0.42399300362979964,0.5441816991920643,0.5491928784421092,0.5552532150890565,0.005948857024220822,0.5106580381747103,0.5151451949713666,0.5189544920136426
episode_019e1d6a-4038-7013-bffe-e69df784231a,test,72,0.11707317073170732,0.0,1.0,8.279861450195312,2.2866225242614746,8.189021110534668,2.19675874710083,7.888171195983887,2.1189775466918945,93.90848541259766,5.043258190155029,26,7.864680924285494e-07,0.8685219287872314,0.3958333333333333,0.286062953714862,0.33516621180479295,0.32078275554305485,0.33080803822155735,0.0496869928415446,0.27089926162591244,0.26283830077374193,0.2704022946601049
episode_019e1d6a-4038-7013-bffe-e69df784231a,test,126,0.2048780487804878,0.0,1.0,8.124521255493164,2.1838226318359375,8.07666015625,2.1673247814178467,7.977540016174316,2.174862861633301,86.04180908203125,4.954333782196045,26,5.885702307750762e-07,0.890401303768158,0.3958333333333333,0.3202474503443225,0.348963820759322,0.33169387868384487,0.3217419990723286,0.09889239563603375,0.3066297629118745,0.29633924512935644,0.290785461537358
episode_019e1d6a-4038-7013-bffe-e69df784231a,test,180,0.2926829268292683,0.0,1.0,7.841991901397705,2.0259814262390137,7.623023986816406,1.9937474727630615,7.5263872146606445,1.9861036539077759,100.89308166503906,5.087640285491943,26,9.551570201438153e-07,0.8596417903900146,0.3958333333333333,0.2557115197653056,0.3740586106394257,0.3757454812829662,0.36750929187189496,0.14809779843052298,0.2710563922831612,0.2741644214843563,0.2705597454386106
episode_019e1d6a-4038-7013-bffe-e69df784231a,test,234,0.3804878048780488,0.5,1.0,8.208025932312012,2.279698610305786,8.294384002685547,2.352984666824341,7.989123344421387,2.214017629623413,103.89260864257812,5.131336212158203,26,9.586677833794965e-07,0.8521660566329956,0.3958333333333333,0.24267713071141186,0.34154677793386423,0.31055119869978154,0.3205669258516848,0.19730320122501221,0.24044500188043458,0.22261746928318565,0.2306765897421422
episode_019e1d6a-4038-7013-bffe-e69df784231a,test,288,0.4682926829268293,0.5,1.0,8.032156944274902,2.22934627532959,7.699709892272949,2.121060371398926,7.437859535217285,2.0654211044311523,91.6602783203125,5.028217315673828,26,5.766888193647901e-07,0.8716609477996826,0.3958333333333333,0.29583249609071033,0.35716779301510265,0.36829868303417723,0.37649000131746757,0.24650860401950145,0.2923677821041538,0.30061711795392376,0.30698399922432534
episode_019e1d6a-4038-7013-bffe-e69df784231a,test,342,0.5560975609756098,0.5,1.0,7.997190475463867,2.180346965789795,7.724678039550781,2.0373568534851074,7.60875940322876,2.0031826496124268,67.37762451171875,4.735556602478027,17,2.3504098578541743e-07,0.9235683083534241,0.3958333333333333,0.40135231950696887,0.3602735806967807,0.3658740816120889,0.3591530275195749,0.2957140068139907,0.3780462276484864,0.3810905835954597,0.3766863575543502
episode_019e1d6a-4038-7013-bffe-e69df784231a,test,396,0.6439024390243903,0.5,1.0,7.888548851013184,2.082627058029175,7.5930047035217285,1.9643948078155518,7.384387969970703,1.8649848699569702,59.73039245605469,4.59013032913208,25,1.4212706389571395e-07,0.9483178853988647,0.3958333333333333,0.43458322509485997,0.36992333460129667,0.3786605873241329,0.3819144357327713,0.3449194096084799,0.410434272278308,0.41504174294766927,0.4166182086052612
episode_019e1d6a-4038-7013-bffe-e69df784231a,test,450,0.7317073170731707,0.5,1.0,8.189225196838379,2.194491147994995,7.760772705078125,2.0604381561279297,7.479971885681152,1.9191861152648926,56.357574462890625,4.564145088195801,17,1.1410726585836528e-07,0.9456021189689636,0.3958333333333333,0.44923974335926387,0.34321669470344285,0.36236900867281235,0.37221790488430523,0.3941248124029691,0.4054176829300078,0.4160837099149202,0.4216560061236432
episode_019e1d6a-4038-7013-bffe-e69df784231a,test,504,0.8195121951219512,1.0,1.0,7.81245756149292,2.1223230361938477,7.856911659240723,2.15872859954834,7.688629150390625,2.0758957862854004,33.81983184814453,4.08135986328125,17,1.0870061295520372e-08,0.9833816289901733,0.3958333333333333,0.5471770874261402,0.37668190639052035,0.35303316799601236,0.35105062387291674,0.44333021519745835,0.5040038538132852,0.4862732804827838,0.48311549394311276
episode_019e1d6a-4038-7013-bffe-e69df784231a,test,558,0.9073170731707317,1.0,1.0,8.146714210510254,2.3008997440338135,7.4455976486206055,2.0742688179016113,7.013926029205322,1.8570871353149414,15.942533493041992,3.352018117904663,7,1.4071646070590305e-09,0.9960664510726929,0.3958333333333333,0.6248625570811324,0.346992600654581,0.3929749595906099,0.41949602684163423,0.49253561799194756,0.547148820819059,0.5720271216711728,0.5861728347120622
episode_019e1d6a-4038-7013-bffe-e69df784231a,test,612,0.9951219512195122,1.0,1.0,1.6131428480148315,0.3849954903125763,1.7780771255493164,0.4112948179244995,1.7681958675384521,0.43011975288391113,1.6418317556381226,0.9365904331207275,1,1.89067598382886e-11,0.9999386072158813,0.3958333333333333,0.6870059922243453,0.9273167267384435,0.943335311403888,0.9516502492049166,0.5417410207864367,0.9582266298439284,0.9699562352305233,0.9727823316099939
episode_019e2891-b03f-7e80-a987-2e2e8431a80e,test,24,0.03418803418803419,0.0,1.0,6.77557373046875,2.0167465209960938,6.6541876792907715,1.943218469619751,6.59552526473999,1.930510401725769,157.04275512695312,5.275883674621582,76,2.101614882121794e-06,0.7656850814819336,0.3958333333333333,0.011714151302847975,0.46877988308726,0.4698270269763083,0.46194078221187646,0.005948857024220822,0.13646271646685218,0.1442884716620829,0.14400802721248224
episode_019e2891-b03f-7e80-a987-2e2e8431a80e,test,84,0.11965811965811966,0.0,1.0,9.17273998260498,2.814161777496338,9.03009033203125,2.7885308265686035,8.950145721435547,2.7089500427246094,163.4276123046875,5.515383243560791,26,2.6903687739832094e-06,0.7376454472541809,0.3958333333333333,0.0,0.2558590572225282,0.23910838828530154,0.22307580451059417,0.06062152679587546,0.0,0.0,0.0
episode_019e2891-b03f-7e80-a987-2e2e8431a80e,test,144,0.20512820512820512,0.0,1.0,9.065481185913086,2.7176055908203125,8.931259155273438,2.7339365482330322,8.796388626098633,2.6863856315612793,152.40533447265625,5.459328651428223,26,2.2908131995791337e-06,0.7553895711898804,0.3958333333333333,0.03186597706314176,0.2653859857584793,0.24870566472905298,0.23867372605443754,0.1152941965675302,0.025664836864498053,0.019478770323924723,0.017177595947532695
episode_019e2891-b03f-7e80-a987-2e2e8431a80e,test,204,0.2905982905982906,0.0,1.0,8.995777130126953,2.57535457611084,9.077547073364258,2.560875415802002,8.897310256958008,2.538952589035034,82.52967834472656,4.924365043640137,26,4.897152052762976e-07,0.8931039571762085,0.3958333333333333,0.3355093495640876,0.27157723140565915,0.23449996935684353,0.22843570954682907,0.1699668663391849,0.2705009885951803,0.24645667522345638,0.24301573283883782
episode_019e2891-b03f-7e80-a987-2e2e8431a80e,test,270,0.38461538461538464,0.0,1.0,8.625118255615234,2.5352349281311035,8.453775405883789,2.55855655670166,8.31575870513916,2.4835987091064453,70.62203216552734,4.728623390197754,26,2.942254582194437e-07,0.931255578994751,0.3958333333333333,0.38725380599939324,0.3044998514387072,0.29507305294219743,0.2874313315641044,0.23010680308800502,0.33208943905543464,0.3251547421286593,0.3202010834143673
episode_019e2891-b03f-7e80-a987-2e2e8431a80e,test,330,0.4700854700854701,0.5,1.0,8.691668510437012,2.4747068881988525,8.368117332458496,2.3823022842407227,8.168004989624023,2.348398447036743,105.00498962402344,5.091012477874756,26,1.234379396919394e-06,0.8534295558929443,0.3958333333333333,0.23784329971176335,0.29858873233900624,0.30339111852909445,0.3024202389531681,0.2847794728596597,0.2098298070327359,0.21431183929753922,0.21541562339209142
episode_019e2891-b03f-7e80-a987-2e2e8431a80e,test,390,0.5555555555555556,0.5,1.0,9.016081809997559,2.6007165908813477,8.774103164672852,2.5602807998657227,8.548530578613281,2.535155773162842,98.8790512084961,5.087371826171875,26,8.722228130864096e-07,0.8595103025436401,0.3958333333333333,0.2644634518977881,0.2697737314593723,0.26396673452569686,0.26381773888984744,0.3394521426313144,0.21299346642500494,0.20995672189933076,0.21119148054011547
episode_019e2891-b03f-7e80-a987-2e2e8431a80e,test,450,0.6410256410256411,0.5,1.0,8.94227123260498,2.5835564136505127,8.55622386932373,2.4778192043304443,8.382208824157715,2.419355869293213,78.60598754882812,4.897614479064941,26,3.716773449013999e-07,0.8993881344795227,0.3958333333333333,0.3525596754134261,0.2763297260976146,0.2851245098090918,0.2806902849752668,0.3941248124029691,0.28699501245116754,0.29186919320571664,0.28935665848659753
episode_019e2891-b03f-7e80-a987-2e2e8431a80e,test,516,0.7350427350427351,0.5,1.0,8.93110179901123,2.5642645359039307,8.481327056884766,2.381711959838867,8.359091758728027,2.347956657409668,74.71810913085938,4.836726665496826,26,3.4283493732800707e-07,0.9093884825706482,0.3958333333333333,0.369454379236233,0.27732181624701624,0.29239757320176996,0.28303540064037525,0.45426474915178927,0.30102138884970964,0.3096207365007645,0.303779380081548
episode_019e2891-b03f-7e80-a987-2e2e8431a80e,test,576,0.8205128205128205,0.5,1.0,7.892719745635986,2.238969326019287,7.541691780090332,2.140084743499756,7.442820072174072,2.101151466369629,22.89218521118164,3.6410136222839355,17,1.8062218387626672e-09,0.9942463040351868,0.3958333333333333,0.5946629739596588,0.36955286787755964,0.38364347154613254,0.37598677858099644,0.5089374189234439,0.5372454164141471,0.5426268928404032,0.535341487225649
episode_019e2891-b03f-7e80-a987-2e2e8431a80e,test,636,0.905982905982906,1.0,1.0,7.672357559204102,2.16752290725708,7.263099670410156,2.05684494972229,7.196685791015625,2.018146276473999,18.711820602416992,3.4484386444091797,11,6.97014279626984e-10,0.9967234134674072,0.3958333333333333,0.6128286711198396,0.38912585272273775,0.4106969336150966,0.40095592357132864,0.5636100886950987,0.5638633450860423,0.5739322490038465,0.5651514126679483
episode_019e2891-b03f-7e80-a987-2e2e8431a80e,test,702,1.0,1.0,1.0,0.19411934912204742,0.06041256710886955,0.6693170070648193,0.19634181261062622,0.7876600027084351,0.22853466868400574,1.7237082719802856,0.985670804977417,1,2.3926702633070285e-11,0.9999204874038696,0.3958333333333333,0.6866501993355423,1.0,1.0,1.0,0.6237500254439188,1.0,1.0,1.0
