branch_percent,arm_condition,episode_id,mode,split,before_parking_completion,final_completion,arm_target_rmse_rad
50,original,episode_019e1e35-af9f-7d66-93b0-478d1c079799,hold,test,0.5,0.5,
50,original,episode_019e1e35-af9f-7d66-93b0-478d1c079799,random_walk,test,0.5,0.5,
50,original,episode_019e1e35-af9f-7d66-93b0-478d1c079799,replay_control,test,1.0,1.0,
50,original,episode_019e2261-5abe-7ece-910d-8988dd12106a,hold,test,0.5,0.5,
50,original,episode_019e2261-5abe-7ece-910d-8988dd12106a,random_walk,test,0.5,0.5,
50,original,episode_019e2261-5abe-7ece-910d-8988dd12106a,replay_control,test,1.0,1.0,
50,original,episode_019e298a-84a1-7557-ae97-93326347b45c,hold,dev,0.5,0.5,
50,original,episode_019e298a-84a1-7557-ae97-93326347b45c,random_walk,dev,0.5,0.5,
50,original,episode_019e298a-84a1-7557-ae97-93326347b45c,replay_control,dev,1.0,1.0,
50,original,episode_019e2d91-6e08-7f79-a3e4-c843c73a3ef2,hold,test,0.5,0.5,
50,original,episode_019e2d91-6e08-7f79-a3e4-c843c73a3ef2,random_walk,test,0.5,0.5,
50,original,episode_019e2d91-6e08-7f79-a3e4-c843c73a3ef2,replay_control,test,1.0,1.0,
50,original,episode_019e3c25-a92e-7824-a264-f1da48b9bd3d,hold,test,0.5,0.5,
50,original,episode_019e3c25-a92e-7824-a264-f1da48b9bd3d,random_walk,test,0.5,0.5,
50,original,episode_019e3c25-a92e-7824-a264-f1da48b9bd3d,replay_control,test,1.0,1.0,
50,original,episode_019e3c90-fb67-765e-8e8e-12c56ddda3ba,hold,dev,0.5,0.5,
50,original,episode_019e3c90-fb67-765e-8e8e-12c56ddda3ba,random_walk,dev,0.5,0.5,
50,original,episode_019e3c90-fb67-765e-8e8e-12c56ddda3ba,replay_control,dev,1.0,1.0,
50,parked,episode_019e1e35-af9f-7d66-93b0-478d1c079799,hold,test,0.5,0.5,0.00010344496564524766
50,parked,episode_019e1e35-af9f-7d66-93b0-478d1c079799,random_walk,test,0.5,0.5,0.00011251582491983448
50,parked,episode_019e1e35-af9f-7d66-93b0-478d1c079799,replay_control,test,1.0,1.0,0.0001274083410573118
50,parked,episode_019e2261-5abe-7ece-910d-8988dd12106a,hold,test,0.5,0.5,0.00010273294951921299
50,parked,episode_019e2261-5abe-7ece-910d-8988dd12106a,random_walk,test,0.5,0.5,0.00041312830239778316
50,parked,episode_019e2261-5abe-7ece-910d-8988dd12106a,replay_control,test,1.0,1.0,0.00012726876934527178
50,parked,episode_019e298a-84a1-7557-ae97-93326347b45c,hold,dev,0.5,0.5,0.00012866431393857998
50,parked,episode_019e298a-84a1-7557-ae97-93326347b45c,random_walk,dev,0.5,0.5,0.00012121853981649591
50,parked,episode_019e298a-84a1-7557-ae97-93326347b45c,replay_control,dev,1.0,1.0,0.00011718225436665124
50,parked,episode_019e2d91-6e08-7f79-a3e4-c843c73a3ef2,hold,test,0.5,0.5,8.667770572001465e-05
50,parked,episode_019e2d91-6e08-7f79-a3e4-c843c73a3ef2,random_walk,test,0.5,0.5,0.00011028356065481271
50,parked,episode_019e2d91-6e08-7f79-a3e4-c843c73a3ef2,replay_control,test,1.0,1.0,0.00011031261553544302
50,parked,episode_019e3c25-a92e-7824-a264-f1da48b9bd3d,hold,test,0.5,0.5,8.086606655159718e-05
50,parked,episode_019e3c25-a92e-7824-a264-f1da48b9bd3d,random_walk,test,0.5,0.5,0.00011596997014446133
50,parked,episode_019e3c25-a92e-7824-a264-f1da48b9bd3d,replay_control,test,1.0,1.0,0.00011739474798662877
50,parked,episode_019e3c90-fb67-765e-8e8e-12c56ddda3ba,hold,dev,0.5,0.5,7.640215355286383e-05
50,parked,episode_019e3c90-fb67-765e-8e8e-12c56ddda3ba,random_walk,dev,0.5,0.5,0.00031825761580774633
50,parked,episode_019e3c90-fb67-765e-8e8e-12c56ddda3ba,replay_control,dev,1.0,1.0,0.00011117574931808286
70,original,episode_019e1e35-af9f-7d66-93b0-478d1c079799,hold,test,0.5,0.5,
70,original,episode_019e1e35-af9f-7d66-93b0-478d1c079799,random_walk,test,0.5,0.5,
70,original,episode_019e1e35-af9f-7d66-93b0-478d1c079799,replay_control,test,1.0,1.0,
70,original,episode_019e2261-5abe-7ece-910d-8988dd12106a,hold,test,0.5,0.5,
70,original,episode_019e2261-5abe-7ece-910d-8988dd12106a,random_walk,test,1.0,1.0,
70,original,episode_019e2261-5abe-7ece-910d-8988dd12106a,replay_control,test,1.0,1.0,
70,original,episode_019e298a-84a1-7557-ae97-93326347b45c,hold,dev,0.5,0.5,
70,original,episode_019e298a-84a1-7557-ae97-93326347b45c,random_walk,dev,1.0,1.0,
70,original,episode_019e298a-84a1-7557-ae97-93326347b45c,replay_control,dev,1.0,1.0,
70,original,episode_019e2d91-6e08-7f79-a3e4-c843c73a3ef2,hold,test,0.5,0.5,
70,original,episode_019e2d91-6e08-7f79-a3e4-c843c73a3ef2,random_walk,test,0.5,0.5,
70,original,episode_019e2d91-6e08-7f79-a3e4-c843c73a3ef2,replay_control,test,1.0,1.0,
70,original,episode_019e3c25-a92e-7824-a264-f1da48b9bd3d,hold,test,0.5,0.5,
70,original,episode_019e3c25-a92e-7824-a264-f1da48b9bd3d,random_walk,test,0.5,0.5,
70,original,episode_019e3c25-a92e-7824-a264-f1da48b9bd3d,replay_control,test,1.0,1.0,
70,original,episode_019e3c90-fb67-765e-8e8e-12c56ddda3ba,hold,dev,0.5,0.5,
70,original,episode_019e3c90-fb67-765e-8e8e-12c56ddda3ba,random_walk,dev,0.5,0.5,
70,original,episode_019e3c90-fb67-765e-8e8e-12c56ddda3ba,replay_control,dev,1.0,1.0,
70,parked,episode_019e1e35-af9f-7d66-93b0-478d1c079799,hold,test,0.5,1.0,0.00011911135698275205
70,parked,episode_019e1e35-af9f-7d66-93b0-478d1c079799,random_walk,test,0.5,0.5,0.00011518832873516119
70,parked,episode_019e1e35-af9f-7d66-93b0-478d1c079799,replay_control,test,1.0,1.0,0.00012740833163320657
70,parked,episode_019e2261-5abe-7ece-910d-8988dd12106a,hold,test,0.5,0.5,0.0005871536914689784
70,parked,episode_019e2261-5abe-7ece-910d-8988dd12106a,random_walk,test,1.0,1.0,0.00011677421689830376
70,parked,episode_019e2261-5abe-7ece-910d-8988dd12106a,replay_control,test,1.0,1.0,0.00012728139851876622
70,parked,episode_019e298a-84a1-7557-ae97-93326347b45c,hold,dev,0.5,0.5,9.417480788431825e-05
70,parked,episode_019e298a-84a1-7557-ae97-93326347b45c,random_walk,dev,1.0,1.0,0.00010257817171176658
70,parked,episode_019e298a-84a1-7557-ae97-93326347b45c,replay_control,dev,1.0,1.0,0.00011718224963775931
70,parked,episode_019e2d91-6e08-7f79-a3e4-c843c73a3ef2,hold,test,0.5,0.5,0.0027333837610619255
70,parked,episode_019e2d91-6e08-7f79-a3e4-c843c73a3ef2,random_walk,test,0.5,0.5,0.0026938868870098704
70,parked,episode_019e2d91-6e08-7f79-a3e4-c843c73a3ef2,replay_control,test,1.0,1.0,0.00011031254082241448
70,parked,episode_019e3c25-a92e-7824-a264-f1da48b9bd3d,hold,test,0.5,0.5,0.0026967814353949264
70,parked,episode_019e3c25-a92e-7824-a264-f1da48b9bd3d,random_walk,test,0.5,0.5,0.002507912550106864
70,parked,episode_019e3c25-a92e-7824-a264-f1da48b9bd3d,replay_control,test,1.0,1.0,0.00011739474788529812
70,parked,episode_019e3c90-fb67-765e-8e8e-12c56ddda3ba,hold,dev,0.5,0.5,0.0010613502042053048
70,parked,episode_019e3c90-fb67-765e-8e8e-12c56ddda3ba,random_walk,dev,0.5,0.5,0.00011400339043285194
70,parked,episode_019e3c90-fb67-765e-8e8e-12c56ddda3ba,replay_control,dev,1.0,1.0,0.00011124210936736533
90,original,episode_019e1e35-af9f-7d66-93b0-478d1c079799,hold,test,1.0,1.0,
90,original,episode_019e1e35-af9f-7d66-93b0-478d1c079799,random_walk,test,1.0,1.0,
90,original,episode_019e1e35-af9f-7d66-93b0-478d1c079799,replay_control,test,1.0,1.0,
90,original,episode_019e2261-5abe-7ece-910d-8988dd12106a,hold,test,1.0,1.0,
90,original,episode_019e2261-5abe-7ece-910d-8988dd12106a,random_walk,test,1.0,1.0,
90,original,episode_019e2261-5abe-7ece-910d-8988dd12106a,replay_control,test,1.0,1.0,
90,original,episode_019e298a-84a1-7557-ae97-93326347b45c,hold,dev,1.0,1.0,
90,original,episode_019e298a-84a1-7557-ae97-93326347b45c,random_walk,dev,1.0,1.0,
90,original,episode_019e298a-84a1-7557-ae97-93326347b45c,replay_control,dev,1.0,1.0,
90,original,episode_019e2d91-6e08-7f79-a3e4-c843c73a3ef2,hold,test,1.0,1.0,
90,original,episode_019e2d91-6e08-7f79-a3e4-c843c73a3ef2,random_walk,test,1.0,1.0,
90,original,episode_019e2d91-6e08-7f79-a3e4-c843c73a3ef2,replay_control,test,1.0,1.0,
90,original,episode_019e3c25-a92e-7824-a264-f1da48b9bd3d,hold,test,1.0,1.0,
90,original,episode_019e3c25-a92e-7824-a264-f1da48b9bd3d,random_walk,test,1.0,1.0,
90,original,episode_019e3c25-a92e-7824-a264-f1da48b9bd3d,replay_control,test,1.0,1.0,
90,original,episode_019e3c90-fb67-765e-8e8e-12c56ddda3ba,hold,dev,1.0,1.0,
90,original,episode_019e3c90-fb67-765e-8e8e-12c56ddda3ba,random_walk,dev,1.0,1.0,
90,original,episode_019e3c90-fb67-765e-8e8e-12c56ddda3ba,replay_control,dev,1.0,1.0,
90,parked,episode_019e1e35-af9f-7d66-93b0-478d1c079799,hold,test,1.0,1.0,0.00010390352594954281
90,parked,episode_019e1e35-af9f-7d66-93b0-478d1c079799,random_walk,test,1.0,1.0,0.00010973505253207486
90,parked,episode_019e1e35-af9f-7d66-93b0-478d1c079799,replay_control,test,1.0,1.0,0.00012740654461262742
90,parked,episode_019e2261-5abe-7ece-910d-8988dd12106a,hold,test,1.0,1.0,0.00016562647829269255
90,parked,episode_019e2261-5abe-7ece-910d-8988dd12106a,random_walk,test,1.0,1.0,0.00010243679236385565
90,parked,episode_019e2261-5abe-7ece-910d-8988dd12106a,replay_control,test,1.0,1.0,0.00012726863931236963
90,parked,episode_019e298a-84a1-7557-ae97-93326347b45c,hold,dev,1.0,1.0,8.753899040783584e-05
90,parked,episode_019e298a-84a1-7557-ae97-93326347b45c,random_walk,dev,1.0,1.0,0.00010930044804659277
90,parked,episode_019e298a-84a1-7557-ae97-93326347b45c,replay_control,dev,1.0,1.0,0.00011721451164226926
90,parked,episode_019e2d91-6e08-7f79-a3e4-c843c73a3ef2,hold,test,1.0,1.0,9.056812316812094e-05
90,parked,episode_019e2d91-6e08-7f79-a3e4-c843c73a3ef2,random_walk,test,1.0,1.0,0.00010475205026340691
90,parked,episode_019e2d91-6e08-7f79-a3e4-c843c73a3ef2,replay_control,test,1.0,1.0,0.00011030954889634276
90,parked,episode_019e3c25-a92e-7824-a264-f1da48b9bd3d,hold,test,1.0,1.0,8.352395340300347e-05
90,parked,episode_019e3c25-a92e-7824-a264-f1da48b9bd3d,random_walk,test,1.0,1.0,8.555587304974897e-05
90,parked,episode_019e3c25-a92e-7824-a264-f1da48b9bd3d,replay_control,test,1.0,1.0,0.00011738670489959344
90,parked,episode_019e3c90-fb67-765e-8e8e-12c56ddda3ba,hold,dev,1.0,1.0,8.300956667694768e-05
90,parked,episode_019e3c90-fb67-765e-8e8e-12c56ddda3ba,random_walk,dev,1.0,1.0,0.00010624591618393358
90,parked,episode_019e3c90-fb67-765e-8e8e-12c56ddda3ba,replay_control,dev,1.0,1.0,0.00011117329693398555
