episode_id,split,mode,frames,branch_frame,branch_completion,final_completion,final_success,success_all_last_second,replay_robot_rmse_mean,physics_valid
episode_019e1e35-af9f-7d66-93b0-478d1c079799,test,hold,794,366,0.5,0.5,False,False,,True
episode_019e1e35-af9f-7d66-93b0-478d1c079799,test,random_walk,794,366,0.5,0.5,False,False,,True
episode_019e1e35-af9f-7d66-93b0-478d1c079799,test,replay_control,794,366,0.5,1.0,True,True,0.0009570161166030128,True
episode_019e2261-5abe-7ece-910d-8988dd12106a,test,hold,715,327,0.5,0.5,False,False,,True
episode_019e2261-5abe-7ece-910d-8988dd12106a,test,random_walk,715,327,0.5,0.5,False,False,,True
episode_019e2261-5abe-7ece-910d-8988dd12106a,test,replay_control,715,327,0.5,1.0,True,True,0.0008848219031383496,True
episode_019e298a-84a1-7557-ae97-93326347b45c,dev,hold,1034,486,0.5,0.5,False,False,,True
episode_019e298a-84a1-7557-ae97-93326347b45c,dev,random_walk,1034,486,0.5,0.5,False,False,,True
episode_019e298a-84a1-7557-ae97-93326347b45c,dev,replay_control,1034,486,0.5,1.0,True,True,0.0007546634660233873,True
episode_019e2d91-6e08-7f79-a3e4-c843c73a3ef2,test,hold,752,345,0.5,0.5,False,False,,True
episode_019e2d91-6e08-7f79-a3e4-c843c73a3ef2,test,random_walk,752,345,0.5,0.5,False,False,,True
episode_019e2d91-6e08-7f79-a3e4-c843c73a3ef2,test,replay_control,752,345,0.5,1.0,True,True,0.0010693617481067612,True
episode_019e3c25-a92e-7824-a264-f1da48b9bd3d,test,hold,888,413,0.5,0.5,False,False,,True
episode_019e3c25-a92e-7824-a264-f1da48b9bd3d,test,random_walk,888,413,0.5,0.5,False,False,,True
episode_019e3c25-a92e-7824-a264-f1da48b9bd3d,test,replay_control,888,413,0.5,1.0,True,True,0.000879490832678892,True
episode_019e3c90-fb67-765e-8e8e-12c56ddda3ba,dev,hold,819,379,0.5,0.5,False,False,,True
episode_019e3c90-fb67-765e-8e8e-12c56ddda3ba,dev,random_walk,819,379,0.5,0.5,False,False,,True
episode_019e3c90-fb67-765e-8e8e-12c56ddda3ba,dev,replay_control,819,379,0.5,1.0,True,True,0.0008728920648530997,True
