episode_id,group_id,split,mode,success,completion,DINOv2,DT,Elapsed time,S1,S3,S5
episode_019e298a-84a1-7557-ae97-93326347b45c/replay_control,episode_019e298a-84a1-7557-ae97-93326347b45c,dev,replay_control,True,1.0,0.9917763471603394,-2.051685333251953,34.43333333333333,-1.5910629034042358,-1.4625929594039917,-1.3469423055648804
episode_019e298a-84a1-7557-ae97-93326347b45c/hold,episode_019e298a-84a1-7557-ae97-93326347b45c,dev,hold,False,0.5,0.7079678773880005,-15.754497528076172,34.43333333333333,-5.949413299560547,-5.990391254425049,-5.941647052764893
episode_019e298a-84a1-7557-ae97-93326347b45c/random_walk,episode_019e298a-84a1-7557-ae97-93326347b45c,dev,random_walk,False,0.5,0.726413369178772,-20.020858764648438,34.43333333333333,-5.713229179382324,-5.614799499511719,-5.458690643310547
episode_019e3c90-fb67-765e-8e8e-12c56ddda3ba/replay_control,episode_019e3c90-fb67-765e-8e8e-12c56ddda3ba,dev,replay_control,True,1.0,0.9930462837219238,-2.129794120788574,27.266666666666666,-1.0557889938354492,-1.0261049270629883,-0.9349380135536194
episode_019e3c90-fb67-765e-8e8e-12c56ddda3ba/hold,episode_019e3c90-fb67-765e-8e8e-12c56ddda3ba,dev,hold,False,0.5,0.7093908190727234,-18.78154182434082,27.266666666666666,-5.169395446777344,-5.214030742645264,-5.169167518615723
episode_019e3c90-fb67-765e-8e8e-12c56ddda3ba/random_walk,episode_019e3c90-fb67-765e-8e8e-12c56ddda3ba,dev,random_walk,False,0.5,0.728168249130249,-18.49923324584961,27.266666666666666,-4.953976154327393,-4.9698615074157715,-4.900981903076172
episode_019e1e35-af9f-7d66-93b0-478d1c079799/replay_control,episode_019e1e35-af9f-7d66-93b0-478d1c079799,test,replay_control,True,1.0,0.9930294156074524,-2.1928205490112305,26.433333333333334,-1.4238965511322021,-1.351012945175171,-1.3093634843826294
episode_019e1e35-af9f-7d66-93b0-478d1c079799/hold,episode_019e1e35-af9f-7d66-93b0-478d1c079799,test,hold,False,0.5,0.703416645526886,-40.79328155517578,26.433333333333334,-5.897188663482666,-6.119126319885254,-6.11904239654541
episode_019e1e35-af9f-7d66-93b0-478d1c079799/random_walk,episode_019e1e35-af9f-7d66-93b0-478d1c079799,test,random_walk,False,0.5,0.6626816391944885,-22.700782775878906,26.433333333333334,-6.108412742614746,-5.886356830596924,-5.613373279571533
episode_019e2d91-6e08-7f79-a3e4-c843c73a3ef2/replay_control,episode_019e2d91-6e08-7f79-a3e4-c843c73a3ef2,test,replay_control,True,1.0,0.9978718757629395,-2.0683722496032715,25.033333333333335,-0.9455946683883667,-0.6890887022018433,-0.6387216448783875
episode_019e2d91-6e08-7f79-a3e4-c843c73a3ef2/hold,episode_019e2d91-6e08-7f79-a3e4-c843c73a3ef2,test,hold,False,0.5,0.7627826929092407,-18.502601623535156,25.033333333333335,-5.358786582946777,-5.3669538497924805,-5.252087116241455
episode_019e2d91-6e08-7f79-a3e4-c843c73a3ef2/random_walk,episode_019e2d91-6e08-7f79-a3e4-c843c73a3ef2,test,random_walk,False,0.5,0.6974966526031494,-19.31224822998047,25.033333333333335,-5.142997741699219,-5.127117156982422,-5.093485355377197
episode_019e3c25-a92e-7824-a264-f1da48b9bd3d/replay_control,episode_019e3c25-a92e-7824-a264-f1da48b9bd3d,test,replay_control,True,1.0,0.9932936429977417,-1.8384979963302612,29.566666666666666,-1.4018906354904175,-1.2436871528625488,-1.2378467321395874
episode_019e3c25-a92e-7824-a264-f1da48b9bd3d/hold,episode_019e3c25-a92e-7824-a264-f1da48b9bd3d,test,hold,False,0.5,0.7322099208831787,-28.366703033447266,29.566666666666666,-5.36187744140625,-5.47298002243042,-5.409443378448486
episode_019e3c25-a92e-7824-a264-f1da48b9bd3d/random_walk,episode_019e3c25-a92e-7824-a264-f1da48b9bd3d,test,random_walk,False,0.5,0.6595816612243652,-17.512971878051758,29.566666666666666,-5.218265533447266,-4.950935363769531,-4.987171173095703
episode_019e2261-5abe-7ece-910d-8988dd12106a/replay_control,episode_019e2261-5abe-7ece-910d-8988dd12106a,test,replay_control,True,1.0,0.9833273887634277,-2.3130221366882324,23.8,-2.5138607025146484,-2.3856911659240723,-2.3576560020446777
episode_019e2261-5abe-7ece-910d-8988dd12106a/hold,episode_019e2261-5abe-7ece-910d-8988dd12106a,test,hold,False,0.5,0.607895016670227,-18.459720611572266,23.8,-5.818654537200928,-5.943408489227295,-5.978389739990234
episode_019e2261-5abe-7ece-910d-8988dd12106a/random_walk,episode_019e2261-5abe-7ece-910d-8988dd12106a,test,random_walk,False,0.5,0.583622932434082,-33.9699821472168,23.8,-6.158592700958252,-6.1735687255859375,-5.786611557006836
