method,threshold,auroc,balanced_accuracy,precision_success,recall_success,recall_incomplete,tn,fp,fn,tp
DINOv2,0.8599722981452942,1.0,1.0,1.0,1.0,1.0,8,0,0,4
DT,-8.942145824432373,1.0,1.0,1.0,1.0,1.0,8,0,0,4
Elapsed time,34.43333333333334,0.5,0.5,,0.0,1.0,8,0,4,0
S1,-3.272519528865814,1.0,1.0,1.0,1.0,1.0,8,0,0,4
S3,-3.2162272334098816,1.0,1.0,1.0,1.0,1.0,8,0,0,4
S5,-3.123962104320526,1.0,1.0,1.0,1.0,1.0,8,0,0,4
DT + S1,0.448230025164487,1.0,1.0,1.0,1.0,1.0,8,0,0,4
DT + S3,0.4499065998983014,1.0,1.0,1.0,1.0,1.0,8,0,0,4
DT + S5,0.4502469361783752,1.0,1.0,1.0,1.0,1.0,8,0,0,4
Always successful,0.5,0.5,0.5,0.3333333333333333,1.0,0.0,0,8,0,4
