episode_id,source,split,branch_percent,arm_condition,mode,success,PSI DT,DINOv2,Robometer success,Robometer progress
b050_original/episode_019e298a-84a1-7557-ae97-93326347b45c/replay_control,episode_019e298a-84a1-7557-ae97-93326347b45c,dev,50,original,replay_control,True,-1.9740281105041504,0.9955316185951233,0.04401864856481552,0.08893319964408875
b050_original/episode_019e298a-84a1-7557-ae97-93326347b45c/hold,episode_019e298a-84a1-7557-ae97-93326347b45c,dev,50,original,hold,False,-9.88390827178955,0.6815913915634155,0.029760092496871948,0.11850985884666443
b050_original/episode_019e298a-84a1-7557-ae97-93326347b45c/random_walk,episode_019e298a-84a1-7557-ae97-93326347b45c,dev,50,original,random_walk,False,-11.478029251098633,0.669673502445221,0.021948253735899925,0.09641509503126144
b050_original/episode_019e3c90-fb67-765e-8e8e-12c56ddda3ba/replay_control,episode_019e3c90-fb67-765e-8e8e-12c56ddda3ba,dev,50,original,replay_control,True,-2.0373713970184326,0.9983505010604858,0.6343168616294861,0.8741199970245361
b050_original/episode_019e3c90-fb67-765e-8e8e-12c56ddda3ba/hold,episode_019e3c90-fb67-765e-8e8e-12c56ddda3ba,dev,50,original,hold,False,-22.138347625732422,0.6217260956764221,0.2759094536304474,0.7494553327560425
b050_original/episode_019e3c90-fb67-765e-8e8e-12c56ddda3ba/random_walk,episode_019e3c90-fb67-765e-8e8e-12c56ddda3ba,dev,50,original,random_walk,False,-20.59044647216797,0.609022319316864,0.2568320035934448,0.6669141054153442
b050_original/episode_019e1e35-af9f-7d66-93b0-478d1c079799/replay_control,episode_019e1e35-af9f-7d66-93b0-478d1c079799,test,50,original,replay_control,True,-2.1582741737365723,0.9969192743301392,0.04603390023112297,0.17632430791854858
b050_original/episode_019e1e35-af9f-7d66-93b0-478d1c079799/hold,episode_019e1e35-af9f-7d66-93b0-478d1c079799,test,50,original,hold,False,-18.87069320678711,0.6266199946403503,0.1919327825307846,0.692379355430603
b050_original/episode_019e1e35-af9f-7d66-93b0-478d1c079799/random_walk,episode_019e1e35-af9f-7d66-93b0-478d1c079799,test,50,original,random_walk,False,-13.086189270019531,0.6645723581314087,0.05921025574207306,0.2652158737182617
b050_original/episode_019e2d91-6e08-7f79-a3e4-c843c73a3ef2/replay_control,episode_019e2d91-6e08-7f79-a3e4-c843c73a3ef2,test,50,original,replay_control,True,-1.712083339691162,0.9985325932502747,0.11436853557825089,0.35784339904785156
b050_original/episode_019e2d91-6e08-7f79-a3e4-c843c73a3ef2/hold,episode_019e2d91-6e08-7f79-a3e4-c843c73a3ef2,test,50,original,hold,False,-21.328041076660156,0.8093010783195496,0.1037486344575882,0.5898425579071045
b050_original/episode_019e2d91-6e08-7f79-a3e4-c843c73a3ef2/random_walk,episode_019e2d91-6e08-7f79-a3e4-c843c73a3ef2,test,50,original,random_walk,False,-20.432388305664062,0.7669126987457275,0.007577241398394108,0.15412741899490356
b050_original/episode_019e3c25-a92e-7824-a264-f1da48b9bd3d/replay_control,episode_019e3c25-a92e-7824-a264-f1da48b9bd3d,test,50,original,replay_control,True,-1.8467587232589722,0.9976259469985962,0.037892427295446396,0.34019023180007935
b050_original/episode_019e3c25-a92e-7824-a264-f1da48b9bd3d/hold,episode_019e3c25-a92e-7824-a264-f1da48b9bd3d,test,50,original,hold,False,-21.05512237548828,0.7724349498748779,0.07807816565036774,0.6225892305374146
b050_original/episode_019e3c25-a92e-7824-a264-f1da48b9bd3d/random_walk,episode_019e3c25-a92e-7824-a264-f1da48b9bd3d,test,50,original,random_walk,False,-22.799949645996094,0.6393873691558838,0.14804719388484955,0.6056849956512451
b050_original/episode_019e2261-5abe-7ece-910d-8988dd12106a/replay_control,episode_019e2261-5abe-7ece-910d-8988dd12106a,test,50,original,replay_control,True,-1.9233570098876953,0.9954670667648315,0.16667540371418,0.34558895230293274
b050_original/episode_019e2261-5abe-7ece-910d-8988dd12106a/hold,episode_019e2261-5abe-7ece-910d-8988dd12106a,test,50,original,hold,False,-14.952442169189453,0.6723315715789795,0.2120688259601593,0.709222137928009
b050_original/episode_019e2261-5abe-7ece-910d-8988dd12106a/random_walk,episode_019e2261-5abe-7ece-910d-8988dd12106a,test,50,original,random_walk,False,-26.88425636291504,0.6364803314208984,0.07807816565036774,0.43587613105773926
b050_parked/episode_019e298a-84a1-7557-ae97-93326347b45c/replay_control,episode_019e298a-84a1-7557-ae97-93326347b45c,dev,50,parked,replay_control,True,-1.8368338346481323,0.998710036277771,0.09670579433441162,0.3606048822402954
b050_parked/episode_019e298a-84a1-7557-ae97-93326347b45c/hold,episode_019e298a-84a1-7557-ae97-93326347b45c,dev,50,parked,hold,False,-4.106032371520996,0.9280620813369751,0.006692850962281227,0.1345672905445099
b050_parked/episode_019e298a-84a1-7557-ae97-93326347b45c/random_walk,episode_019e298a-84a1-7557-ae97-93326347b45c,dev,50,parked,random_walk,False,-3.7616186141967773,0.8769393563270569,0.0427221953868866,0.19976086914539337
b050_parked/episode_019e3c90-fb67-765e-8e8e-12c56ddda3ba/replay_control,episode_019e3c90-fb67-765e-8e8e-12c56ddda3ba,dev,50,parked,replay_control,True,-2.315861225128174,0.9992159605026245,0.6757646203041077,0.9026781320571899
b050_parked/episode_019e3c90-fb67-765e-8e8e-12c56ddda3ba/hold,episode_019e3c90-fb67-765e-8e8e-12c56ddda3ba,dev,50,parked,hold,False,-10.779052734375,0.9296135902404785,0.19072403013706207,0.5654256939888
b050_parked/episode_019e3c90-fb67-765e-8e8e-12c56ddda3ba/random_walk,episode_019e3c90-fb67-765e-8e8e-12c56ddda3ba,dev,50,parked,random_walk,False,-11.533425331115723,0.9175450801849365,0.009125636890530586,0.1803675889968872
b050_parked/episode_019e1e35-af9f-7d66-93b0-478d1c079799/replay_control,episode_019e1e35-af9f-7d66-93b0-478d1c079799,test,50,parked,replay_control,True,-1.992868185043335,0.9992449879646301,0.1233656257390976,0.5465000867843628
b050_parked/episode_019e1e35-af9f-7d66-93b0-478d1c079799/hold,episode_019e1e35-af9f-7d66-93b0-478d1c079799,test,50,parked,hold,False,-5.3358306884765625,0.9513710737228394,0.1550784707069397,0.5162140130996704
b050_parked/episode_019e1e35-af9f-7d66-93b0-478d1c079799/random_walk,episode_019e1e35-af9f-7d66-93b0-478d1c079799,test,50,parked,random_walk,False,-5.540351867675781,0.9519320726394653,0.23370636999607086,0.5858336091041565
b050_parked/episode_019e2d91-6e08-7f79-a3e4-c843c73a3ef2/replay_control,episode_019e2d91-6e08-7f79-a3e4-c843c73a3ef2,test,50,parked,replay_control,True,-1.8376514911651611,0.9997097253799438,0.10230471193790436,0.5283307433128357
b050_parked/episode_019e2d91-6e08-7f79-a3e4-c843c73a3ef2/hold,episode_019e2d91-6e08-7f79-a3e4-c843c73a3ef2,test,50,parked,hold,False,-5.183582305908203,0.9479659795761108,0.030675802379846573,0.2791895270347595
b050_parked/episode_019e2d91-6e08-7f79-a3e4-c843c73a3ef2/random_walk,episode_019e2d91-6e08-7f79-a3e4-c843c73a3ef2,test,50,parked,random_walk,False,-5.062107086181641,0.9321349859237671,0.020332353189587593,0.1970171481370926
b050_parked/episode_019e3c25-a92e-7824-a264-f1da48b9bd3d/replay_control,episode_019e3c25-a92e-7824-a264-f1da48b9bd3d,test,50,parked,replay_control,True,-2.1704280376434326,0.9996473789215088,0.23651622235774994,0.741769552230835
b050_parked/episode_019e3c25-a92e-7824-a264-f1da48b9bd3d/hold,episode_019e3c25-a92e-7824-a264-f1da48b9bd3d,test,50,parked,hold,False,-8.841635704040527,0.9574679136276245,0.00628990214318037,0.2703036665916443
b050_parked/episode_019e3c25-a92e-7824-a264-f1da48b9bd3d/random_walk,episode_019e3c25-a92e-7824-a264-f1da48b9bd3d,test,50,parked,random_walk,False,-8.49343490600586,0.9633215665817261,0.013222821988165379,0.2932782769203186
b050_parked/episode_019e2261-5abe-7ece-910d-8988dd12106a/replay_control,episode_019e2261-5abe-7ece-910d-8988dd12106a,test,50,parked,replay_control,True,-2.39782452583313,0.9992293119430542,0.03514484688639641,0.2733208239078522
b050_parked/episode_019e2261-5abe-7ece-910d-8988dd12106a/hold,episode_019e2261-5abe-7ece-910d-8988dd12106a,test,50,parked,hold,False,-7.581769943237305,0.9663688540458679,0.01640303246676922,0.17292840778827667
b050_parked/episode_019e2261-5abe-7ece-910d-8988dd12106a/random_walk,episode_019e2261-5abe-7ece-910d-8988dd12106a,test,50,parked,random_walk,False,-11.00167179107666,0.9750959873199463,0.005060331895947456,0.13822145760059357
b070_original/episode_019e298a-84a1-7557-ae97-93326347b45c/replay_control,episode_019e298a-84a1-7557-ae97-93326347b45c,dev,70,original,replay_control,True,-1.938908576965332,0.9956645965576172,0.04084571450948715,0.07959559559822083
b070_original/episode_019e298a-84a1-7557-ae97-93326347b45c/hold,episode_019e298a-84a1-7557-ae97-93326347b45c,dev,70,original,hold,False,-12.497232437133789,0.5453840494155884,0.037892427295446396,0.14160306751728058
b070_original/episode_019e298a-84a1-7557-ae97-93326347b45c/random_walk,episode_019e298a-84a1-7557-ae97-93326347b45c,dev,70,original,random_walk,True,-11.07908821105957,0.7245213985443115,0.05749328061938286,0.12757214903831482
b070_original/episode_019e3c90-fb67-765e-8e8e-12c56ddda3ba/replay_control,episode_019e3c90-fb67-765e-8e8e-12c56ddda3ba,dev,70,original,replay_control,True,-2.054105758666992,0.9982461333274841,0.5460120439529419,0.8429391384124756
b070_original/episode_019e3c90-fb67-765e-8e8e-12c56ddda3ba/hold,episode_019e3c90-fb67-765e-8e8e-12c56ddda3ba,dev,70,original,hold,False,-17.473390579223633,0.5160418748855591,0.09009299427270889,0.6235674023628235
b070_original/episode_019e3c90-fb67-765e-8e8e-12c56ddda3ba/random_walk,episode_019e3c90-fb67-765e-8e8e-12c56ddda3ba,dev,70,original,random_walk,False,-18.543092727661133,0.6310309171676636,0.5741560459136963,0.8277935981750488
b070_original/episode_019e1e35-af9f-7d66-93b0-478d1c079799/replay_control,episode_019e1e35-af9f-7d66-93b0-478d1c079799,test,70,original,replay_control,True,-1.9399687051773071,0.9972656965255737,0.04535258188843727,0.17394399642944336
b070_original/episode_019e1e35-af9f-7d66-93b0-478d1c079799/hold,episode_019e1e35-af9f-7d66-93b0-478d1c079799,test,70,original,hold,False,-17.782352447509766,0.688987135887146,0.020645929500460625,0.1380874365568161
b070_original/episode_019e1e35-af9f-7d66-93b0-478d1c079799/random_walk,episode_019e1e35-af9f-7d66-93b0-478d1c079799,test,70,original,random_walk,False,-12.218461990356445,0.6916966438293457,0.028870904818177223,0.15972349047660828
b070_original/episode_019e2d91-6e08-7f79-a3e4-c843c73a3ef2/replay_control,episode_019e2d91-6e08-7f79-a3e4-c843c73a3ef2,test,70,original,replay_control,True,-1.6195471286773682,0.9985777735710144,0.11757213622331619,0.376453697681427
b070_original/episode_019e2d91-6e08-7f79-a3e4-c843c73a3ef2/hold,episode_019e2d91-6e08-7f79-a3e4-c843c73a3ef2,test,70,original,hold,False,-17.164302825927734,0.6341899633407593,0.039048291742801666,0.4951705038547516
b070_original/episode_019e2d91-6e08-7f79-a3e4-c843c73a3ef2/random_walk,episode_019e2d91-6e08-7f79-a3e4-c843c73a3ef2,test,70,original,random_walk,False,-30.14434051513672,0.7698925733566284,0.08035746961832047,0.47928890585899353
b070_original/episode_019e3c25-a92e-7824-a264-f1da48b9bd3d/replay_control,episode_019e3c25-a92e-7824-a264-f1da48b9bd3d,test,70,original,replay_control,True,-1.9853872060775757,0.9975893497467041,0.0427221953868866,0.3571995496749878
b070_original/episode_019e3c25-a92e-7824-a264-f1da48b9bd3d/hold,episode_019e3c25-a92e-7824-a264-f1da48b9bd3d,test,70,original,hold,False,-16.84389877319336,0.7020076513290405,0.028870904818177223,0.3663741648197174
b070_original/episode_019e3c25-a92e-7824-a264-f1da48b9bd3d/random_walk,episode_019e3c25-a92e-7824-a264-f1da48b9bd3d,test,70,original,random_walk,False,-11.418365478515625,0.6691167950630188,0.02161533385515213,0.19298923015594482
b070_original/episode_019e2261-5abe-7ece-910d-8988dd12106a/replay_control,episode_019e2261-5abe-7ece-910d-8988dd12106a,test,70,original,replay_control,True,-1.8932315111160278,0.9948598742485046,0.16026602685451508,0.34423503279685974
b070_original/episode_019e2261-5abe-7ece-910d-8988dd12106a/hold,episode_019e2261-5abe-7ece-910d-8988dd12106a,test,70,original,hold,False,-13.116124153137207,0.6693914532661438,0.17895588278770447,0.6759190559387207
b070_original/episode_019e2261-5abe-7ece-910d-8988dd12106a/random_walk,episode_019e2261-5abe-7ece-910d-8988dd12106a,test,70,original,random_walk,True,-21.621360778808594,0.8026346564292908,0.4736572504043579,0.7791920900344849
b070_parked/episode_019e298a-84a1-7557-ae97-93326347b45c/replay_control,episode_019e298a-84a1-7557-ae97-93326347b45c,dev,70,parked,replay_control,True,-1.7995703220367432,0.9987574219703674,0.08882029354572296,0.3306885361671448
b070_parked/episode_019e298a-84a1-7557-ae97-93326347b45c/hold,episode_019e298a-84a1-7557-ae97-93326347b45c,dev,70,parked,hold,False,-4.472102165222168,0.9578473567962646,0.07263670116662979,0.2910897135734558
b070_parked/episode_019e298a-84a1-7557-ae97-93326347b45c/random_walk,episode_019e298a-84a1-7557-ae97-93326347b45c,dev,70,parked,random_walk,True,-4.249590873718262,0.9575002193450928,0.0427221953868866,0.2456027865409851
b070_parked/episode_019e3c90-fb67-765e-8e8e-12c56ddda3ba/replay_control,episode_019e3c90-fb67-765e-8e8e-12c56ddda3ba,dev,70,parked,replay_control,True,-2.5297257900238037,0.9994690418243408,0.6636689305305481,0.9018630385398865
b070_parked/episode_019e3c90-fb67-765e-8e8e-12c56ddda3ba/hold,episode_019e3c90-fb67-765e-8e8e-12c56ddda3ba,dev,70,parked,hold,False,-7.093355178833008,0.9330739378929138,0.8267117738723755,0.921869695186615
b070_parked/episode_019e3c90-fb67-765e-8e8e-12c56ddda3ba/random_walk,episode_019e3c90-fb67-765e-8e8e-12c56ddda3ba,dev,70,parked,random_walk,False,-7.80513858795166,0.9551243782043457,0.5888891220092773,0.8751112818717957
b070_parked/episode_019e1e35-af9f-7d66-93b0-478d1c079799/replay_control,episode_019e1e35-af9f-7d66-93b0-478d1c079799,test,70,parked,replay_control,True,-2.05474853515625,0.9992716312408447,0.12421301752328873,0.5530204176902771
b070_parked/episode_019e1e35-af9f-7d66-93b0-478d1c079799/hold,episode_019e1e35-af9f-7d66-93b0-478d1c079799,test,70,parked,hold,True,-2.6371445655822754,0.9830467700958252,0.15102779865264893,0.4603092670440674
b070_parked/episode_019e1e35-af9f-7d66-93b0-478d1c079799/random_walk,episode_019e1e35-af9f-7d66-93b0-478d1c079799,test,70,parked,random_walk,False,-3.973802328109741,0.9697045683860779,0.024798160418868065,0.1924193650484085
b070_parked/episode_019e2d91-6e08-7f79-a3e4-c843c73a3ef2/replay_control,episode_019e2d91-6e08-7f79-a3e4-c843c73a3ef2,test,70,parked,replay_control,True,-1.756280541419983,0.9997784495353699,0.09534945338964462,0.5072340965270996
b070_parked/episode_019e2d91-6e08-7f79-a3e4-c843c73a3ef2/hold,episode_019e2d91-6e08-7f79-a3e4-c843c73a3ef2,test,70,parked,hold,False,-6.429446220397949,0.9730811715126038,0.028870904818177223,0.31768932938575745
b070_parked/episode_019e2d91-6e08-7f79-a3e4-c843c73a3ef2/random_walk,episode_019e2d91-6e08-7f79-a3e4-c843c73a3ef2,test,70,parked,random_walk,False,-6.3094706535339355,0.9799212217330933,0.01912403479218483,0.2463538646697998
b070_parked/episode_019e3c25-a92e-7824-a264-f1da48b9bd3d/replay_control,episode_019e3c25-a92e-7824-a264-f1da48b9bd3d,test,70,parked,replay_control,True,-2.2784228324890137,0.9996411800384521,0.22953522205352783,0.7429959177970886
b070_parked/episode_019e3c25-a92e-7824-a264-f1da48b9bd3d/hold,episode_019e3c25-a92e-7824-a264-f1da48b9bd3d,test,70,parked,hold,False,-8.107011795043945,0.9738848805427551,0.11436853557825089,0.5618732571601868
b070_parked/episode_019e3c25-a92e-7824-a264-f1da48b9bd3d/random_walk,episode_019e3c25-a92e-7824-a264-f1da48b9bd3d,test,70,parked,random_walk,False,-7.59472131729126,0.9734188318252563,0.08151976019144058,0.48586440086364746
b070_parked/episode_019e2261-5abe-7ece-910d-8988dd12106a/replay_control,episode_019e2261-5abe-7ece-910d-8988dd12106a,test,70,parked,replay_control,True,-2.2179348468780518,0.9995707869529724,0.034100424498319626,0.26717403531074524
b070_parked/episode_019e2261-5abe-7ece-910d-8988dd12106a/hold,episode_019e2261-5abe-7ece-910d-8988dd12106a,test,70,parked,hold,False,-6.477652549743652,0.9816505908966064,0.04535258188843727,0.2423371970653534
b070_parked/episode_019e2261-5abe-7ece-910d-8988dd12106a/random_walk,episode_019e2261-5abe-7ece-910d-8988dd12106a,test,70,parked,random_walk,True,-13.165558815002441,0.9772111177444458,0.012821214273571968,0.16257992386817932
b090_original/episode_019e298a-84a1-7557-ae97-93326347b45c/replay_control,episode_019e298a-84a1-7557-ae97-93326347b45c,dev,90,original,replay_control,True,-1.9008392095565796,0.996187686920166,0.04146226868033409,0.08219049870967865
b090_original/episode_019e298a-84a1-7557-ae97-93326347b45c/hold,episode_019e298a-84a1-7557-ae97-93326347b45c,dev,90,original,hold,True,-7.9402923583984375,0.6690636873245239,0.07807816565036774,0.20130640268325806
b090_original/episode_019e298a-84a1-7557-ae97-93326347b45c/random_walk,episode_019e298a-84a1-7557-ae97-93326347b45c,dev,90,original,random_walk,True,-6.375160217285156,0.6723024249076843,0.03676946833729744,0.07717315107584
b090_original/episode_019e3c90-fb67-765e-8e8e-12c56ddda3ba/replay_control,episode_019e3c90-fb67-765e-8e8e-12c56ddda3ba,dev,90,original,replay_control,True,-2.0823981761932373,0.9986065626144409,0.5664982199668884,0.8467139005661011
b090_original/episode_019e3c90-fb67-765e-8e8e-12c56ddda3ba/hold,episode_019e3c90-fb67-765e-8e8e-12c56ddda3ba,dev,90,original,hold,True,-11.512199401855469,0.6643062829971313,0.2146914303302765,0.7012072801589966
b090_original/episode_019e3c90-fb67-765e-8e8e-12c56ddda3ba/random_walk,episode_019e3c90-fb67-765e-8e8e-12c56ddda3ba,dev,90,original,random_walk,True,-10.197160720825195,0.7140461206436157,0.5467381477355957,0.8301385641098022
b090_original/episode_019e1e35-af9f-7d66-93b0-478d1c079799/replay_control,episode_019e1e35-af9f-7d66-93b0-478d1c079799,test,90,original,replay_control,True,-1.9618301391601562,0.9972654581069946,0.037892427295446396,0.15776178240776062
b090_original/episode_019e1e35-af9f-7d66-93b0-478d1c079799/hold,episode_019e1e35-af9f-7d66-93b0-478d1c079799,test,90,original,hold,True,-5.845635414123535,0.786595344543457,0.08882029354572296,0.3360004127025604
b090_original/episode_019e1e35-af9f-7d66-93b0-478d1c079799/random_walk,episode_019e1e35-af9f-7d66-93b0-478d1c079799,test,90,original,random_walk,True,-9.959372520446777,0.6176345348358154,0.04958902671933174,0.2052215337753296
b090_original/episode_019e2d91-6e08-7f79-a3e4-c843c73a3ef2/replay_control,episode_019e2d91-6e08-7f79-a3e4-c843c73a3ef2,test,90,original,replay_control,True,-1.578993320465088,0.9986265897750854,0.13028541207313538,0.3845282196998596
b090_original/episode_019e2d91-6e08-7f79-a3e4-c843c73a3ef2/hold,episode_019e2d91-6e08-7f79-a3e4-c843c73a3ef2,test,90,original,hold,True,-6.956301689147949,0.8501543998718262,0.08151976019144058,0.3628429174423218
b090_original/episode_019e2d91-6e08-7f79-a3e4-c843c73a3ef2/random_walk,episode_019e2d91-6e08-7f79-a3e4-c843c73a3ef2,test,90,original,random_walk,True,-8.705158233642578,0.8425163626670837,0.01640303246676922,0.1473810076713562
b090_original/episode_019e3c25-a92e-7824-a264-f1da48b9bd3d/replay_control,episode_019e3c25-a92e-7824-a264-f1da48b9bd3d,test,90,original,replay_control,True,-1.8061175346374512,0.9978009462356567,0.034100424498319626,0.3379974365234375
b090_original/episode_019e3c25-a92e-7824-a264-f1da48b9bd3d/hold,episode_019e3c25-a92e-7824-a264-f1da48b9bd3d,test,90,original,hold,True,-10.560625076293945,0.7743581533432007,0.05582314357161522,0.3184118866920471
b090_original/episode_019e3c25-a92e-7824-a264-f1da48b9bd3d/random_walk,episode_019e3c25-a92e-7824-a264-f1da48b9bd3d,test,90,original,random_walk,True,-9.07009220123291,0.8441951870918274,0.037892427295446396,0.22114893794059753
b090_original/episode_019e2261-5abe-7ece-910d-8988dd12106a/replay_control,episode_019e2261-5abe-7ece-910d-8988dd12106a,test,90,original,replay_control,True,-1.7843540906906128,0.9950633645057678,0.18242552876472473,0.3826816976070404
b090_original/episode_019e2261-5abe-7ece-910d-8988dd12106a/hold,episode_019e2261-5abe-7ece-910d-8988dd12106a,test,90,original,hold,True,-6.283539772033691,0.8197733163833618,0.3363310694694519,0.6950932741165161
b090_original/episode_019e2261-5abe-7ece-910d-8988dd12106a/random_walk,episode_019e2261-5abe-7ece-910d-8988dd12106a,test,90,original,random_walk,True,-9.1929931640625,0.6619118452072144,0.5348554849624634,0.8147427439689636
b090_parked/episode_019e298a-84a1-7557-ae97-93326347b45c/replay_control,episode_019e298a-84a1-7557-ae97-93326347b45c,dev,90,parked,replay_control,True,-1.7187564373016357,0.9996901750564575,0.10669060051441193,0.37654367089271545
b090_parked/episode_019e298a-84a1-7557-ae97-93326347b45c/hold,episode_019e298a-84a1-7557-ae97-93326347b45c,dev,90,parked,hold,True,-1.7926946878433228,0.9998488426208496,0.042087726294994354,0.17430022358894348
b090_parked/episode_019e298a-84a1-7557-ae97-93326347b45c/random_walk,episode_019e298a-84a1-7557-ae97-93326347b45c,dev,90,parked,random_walk,True,-1.7442471981048584,0.9997674226760864,0.03358950838446617,0.15390226244926453
b090_parked/episode_019e3c90-fb67-765e-8e8e-12c56ddda3ba/replay_control,episode_019e3c90-fb67-765e-8e8e-12c56ddda3ba,dev,90,parked,replay_control,True,-2.5708417892456055,0.9997451305389404,0.6706082820892334,0.9024930596351624
b090_parked/episode_019e3c90-fb67-765e-8e8e-12c56ddda3ba/hold,episode_019e3c90-fb67-765e-8e8e-12c56ddda3ba,dev,90,parked,hold,True,-2.1692025661468506,0.9996337294578552,0.7122321724891663,0.9039294123649597
b090_parked/episode_019e3c90-fb67-765e-8e8e-12c56ddda3ba/random_walk,episode_019e3c90-fb67-765e-8e8e-12c56ddda3ba,dev,90,parked,random_walk,True,-2.4348196983337402,0.9997084140777588,0.8006919622421265,0.9261040687561035
b090_parked/episode_019e1e35-af9f-7d66-93b0-478d1c079799/replay_control,episode_019e1e35-af9f-7d66-93b0-478d1c079799,test,90,parked,replay_control,True,-1.9407684803009033,0.9993116855621338,0.1233656257390976,0.5535869002342224
b090_parked/episode_019e1e35-af9f-7d66-93b0-478d1c079799/hold,episode_019e1e35-af9f-7d66-93b0-478d1c079799,test,90,parked,hold,True,-1.7471681833267212,0.9995755553245544,0.3319854736328125,0.7656026482582092
b090_parked/episode_019e1e35-af9f-7d66-93b0-478d1c079799/random_walk,episode_019e1e35-af9f-7d66-93b0-478d1c079799,test,90,parked,random_walk,True,-1.8405656814575195,0.9995979070663452,0.1581743359565735,0.4849545955657959
b090_parked/episode_019e2d91-6e08-7f79-a3e4-c843c73a3ef2/replay_control,episode_019e2d91-6e08-7f79-a3e4-c843c73a3ef2,test,90,parked,replay_control,True,-1.7469923496246338,0.999790370464325,0.10087862610816956,0.5220216512680054
b090_parked/episode_019e2d91-6e08-7f79-a3e4-c843c73a3ef2/hold,episode_019e2d91-6e08-7f79-a3e4-c843c73a3ef2,test,90,parked,hold,True,-1.7226784229278564,0.9997673630714417,0.28537195920944214,0.6817336082458496
b090_parked/episode_019e2d91-6e08-7f79-a3e4-c843c73a3ef2/random_walk,episode_019e2d91-6e08-7f79-a3e4-c843c73a3ef2,test,90,parked,random_walk,True,-1.7640022039413452,0.9997977018356323,0.20055769383907318,0.5838644504547119
b090_parked/episode_019e3c25-a92e-7824-a264-f1da48b9bd3d/replay_control,episode_019e3c25-a92e-7824-a264-f1da48b9bd3d,test,90,parked,replay_control,True,-2.113908052444458,0.999759316444397,0.22000710666179657,0.739821195602417
b090_parked/episode_019e3c25-a92e-7824-a264-f1da48b9bd3d/hold,episode_019e3c25-a92e-7824-a264-f1da48b9bd3d,test,90,parked,hold,True,-2.1159307956695557,0.9998918771743774,0.22953522205352783,0.6665528416633606
b090_parked/episode_019e3c25-a92e-7824-a264-f1da48b9bd3d/random_walk,episode_019e3c25-a92e-7824-a264-f1da48b9bd3d,test,90,parked,random_walk,True,-2.0390326976776123,0.9998667240142822,0.2186693549156189,0.6670533418655396
b090_parked/episode_019e2261-5abe-7ece-910d-8988dd12106a/replay_control,episode_019e2261-5abe-7ece-910d-8988dd12106a,test,90,parked,replay_control,True,-2.108409881591797,0.9996538758277893,0.03308597952127457,0.27020421624183655
b090_parked/episode_019e2261-5abe-7ece-910d-8988dd12106a/hold,episode_019e2261-5abe-7ece-910d-8988dd12106a,test,90,parked,hold,True,-2.0015130043029785,0.999454140663147,0.01798621006309986,0.17493878304958344
b090_parked/episode_019e2261-5abe-7ece-910d-8988dd12106a/random_walk,episode_019e2261-5abe-7ece-910d-8988dd12106a,test,90,parked,random_walk,True,-1.9887981414794922,0.9997574090957642,0.039048291742801666,0.22627347707748413
