id,model,excluded,included
DT_T0.0,DT · argmax,0.7089563626163399,0.8484141918480018
DT_T0.3,DT · T=0.3,0.8444636356429666,0.9110964893287425
DT_T0.5,DT · T=0.5,0.8405555949103948,0.9132892943331602
DT_T0.7,DT · T=0.7,0.8316881516943399,0.9114108031992828
DT_T1.0,DT · T=1,0.7986323507657089,0.8957998709031197
S1_T1,S1 · four-code S · T=1,0.6879941392775529,0.7852018711182177
S1_T03,S1 · four-code S · T=0.3,0.6536222655982206,0.7769788213973388
S3_T1,S3 · four-code S · T=1,0.6891529673295705,0.7941922292585669
S3_T03,S3 · four-code S · T=0.3,0.6862412979569251,0.7866981639966338
S5_T1,S5 · four-code S · T=1,0.7285736904698586,0.7968532776797589
S5_T03,S5 · four-code S · T=0.3,0.7095516163292382,0.7935558912553576
DT + S1_T1,DT + S1 · four-code S · T=1,0.8100643591719336,0.7468527827809676
DT + S1_T03,DT + S1 · four-code S · T=0.3,0.804887801033784,0.7363992864331252
DT + S3_T1,DT + S3 · four-code S · T=1,0.8090072801252607,0.7512429089626367
DT + S3_T03,DT + S3 · four-code S · T=0.3,0.8126101784842369,0.736691548278451
DT + S5_T1,DT + S5 · four-code S · T=1,0.8121278838549714,0.7521012719158519
DT + S5_T03,DT + S5 · four-code S · T=0.3,0.8239975140245378,0.736941151547847
S1_native,S1 · first code · T=1,0.6178715673057059,0.7871152043726447
S3_native,S3 · first code · T=1,0.6502249720950309,0.7994346127706319
S5_native,S5 · first code · T=1,0.678585711764455,0.8017811103615454
H1_native,H1 · first code · T=1,0.6779493925714745,0.7941735468191422
H3_native,H3 · first code · T=1,0.6741710489852585,0.7999730516893561
H5_native,H5 · first code · T=1,0.6742137182830987,0.7990289954269629
